施設名,調査_年月日,郵便番号,全国地方公共団体コード,都道府県名,市区町村名,町丁目名,電話番号,施設URL,緯度,経度,駐車場の有無,駐車可能台数,車いす専用駐車場の有無,駐車可能台数2,エレベーターの有無,台数（Aタイプ）,定員数（Aタイプ）,奥行(cm)（Aタイプ）,入口幅(cm)（Aタイプ）,音声案内の有無（Aタイプ）,点字表示(エレベーター内)の有無（Aタイプ）,車いす利用者用パネル(ボタン)の有無（Aタイプ）,台数（Bタイプ）,定員数（Bタイプ）,奥行(cm)（Bタイプ）,入口幅(cm)（Bタイプ）,音声案内の有無（Bタイプ）,点字表示(エレベーター内)の有無（Bタイプ）,車いす利用者用パネル(ボタン)の有無（Bタイプ）,台数（Cタイプ）,定員数（Cタイプ）,奥行(cm)（Cタイプ）,入口幅(cm)（Cタイプ）,音声案内の有無（Cタイプ）,点字表示(エレベーター内)の有無（Cタイプ）,車いす利用者用パネル(ボタン)の有無（Cタイプ）,台数（Dタイプ）,定員数（Dタイプ）,奥行(cm)（Dタイプ）,入口幅(cm)（Dタイプ）,音声案内の有無（Dタイプ）,点字表示(エレベーター内)の有無（Dタイプ）,車いす利用者用パネル(ボタン)の有無（Dタイプ）,台数（Eタイプ）,定員数（Eタイプ）,奥行(cm)（Eタイプ）,入口幅(cm)（Eタイプ）,音声案内の有無（Eタイプ）,点字表示(エレベーター内)の有無（Eタイプ）,車いす利用者用パネル(ボタン)の有無（Eタイプ）,入口名称,自動ドアの有無,施設出入口付近スロープの有無,施設出入口の間口有効寸法(cm),施設出入口の段差の有無,段差の高さ(cm),階段の手すりの有無,点字ブロックの有無,敷地内道路の点字ブロックの有無,館内の点字ブロックの有無,点字や浮き出し文字による館内案内マップの有無,車椅子使用者対応トイレの設置有無⇒だれでもトイレの設置有無,施設内合計設置数,設置フロア階層,オストメイト対応トイレの有無,施設内合計設置数3,設置フロア階層4,エスカレーターの有無,車いす対応エスカレーターの有無（階段昇降機の有無）,可動式スロープの有無,補助犬のエサ用ボールの有無,個数,補助犬のマットの有無,枚数,補助犬専用トイレの有無,設置箇所数,筆談対応用備品の有無,個数5,聴覚障害者用　振動時計の有無,個数6,聴覚障害者用　タッチパネルの有無,個数7,フラッシュベル（聴覚障害者用アラートシステム）の貸出の可否,個数8,ベビーチェアの貸出の可否,台数,ベビーベッドの貸出の可否,台数9,ベビーカーの貸出の可否,台数10,車いすの貸出の可否,台数11,シャワーチェアの貸出の可否,台数12,移動式手すりの貸出の可否,個数13,点字や浮き出し文字による館内案内マップの貸出の可否,個数14,施設内おむつ交換台の有無,台数15,字幕対応テレビの有無,個数16,スタッフの手話対応の可否,対応可能日時（曜日や時間帯等）,スタッフの筆談対応の可否,対応可能日時（曜日や時間帯等）17,送迎車の有無,ノンステップ対応車の有無,（乗降車時における車いす使用者への対応）ドアマン・ベルスタッフ対応の可否,（乗降車時における車いす使用者への対応）乗降車用スロープの配備有無,傾斜型自動券売機の有無,ホームドアの有無,授乳室の有無,備考
JR 水道橋駅,2022/12/12,1010061,131016,東京都,千代田区,三崎町2丁目,,https://www.jreast.co.jp/estation/barrier-free/,35.69132917,139.6995728,無,,無,,有,,,,,無,無,無,,,,,,,,,,,,,,,,,,,,,,,,,,,,,,無,無,,無,,無,無,無,無,無,有,2,1F,有,2,1F,有,有,無,無,,無,,無,,無,,無,,無,,無,,無,,無,,無,,無,,無,,無,,無,,有,有,無,,無,,無,,無,無,無,無,無,無,無,
三田線 水道橋,2022/1/31,1120004,131059,東京都,文京区,後楽一丁目3番42号先,03-3815-7068,https://www.kotsu.metro.tokyo.jp/subway/stations/suidobashi.html,35.69016583,139.6991511,無,,無,,有,2,,,,無,無,無,,,,,,,,,,,,,,,,,,,,,,,,,,,,,,無,無,,無,,有,有,有,有,有,有,1,B1F,有,1,B1F,有,無,有,無,,無,,無,,有,,無,,有,,無,,無,,無,,無,,無,,無,,無,,無,,有,1,無,,無,,有,始発〜終車まで,無,無,無,無,有,有,無,
JR 飯田橋駅,2022/12/12,1020072,131016,東京都,千代田区,飯田橋4丁目,,https://www.jreast.co.jp/estation/barrier-free/,35.69132917,139.6995728,無,,無,,有,,,,,無,無,無,,,,,,,,,,,,,,,,,,,,,,,,,,,,,,無,無,,無,,無,無,無,無,無,有,1,1F,有,1,1F,有,無,無,無,,無,,無,,無,,無,,無,,無,,無,,無,,無,,無,,無,,無,,無,,有,有,無,,無,,無,,無,無,無,無,無,無,無,
大江戸線 飯田橋,2022/1/31,1120004,131059,東京都,文京区,後楽一丁目9番5号,03-5689-4264,https://www.kotsu.metro.tokyo.jp/subway/stations/iidabashi.html,35.69538306,139.7000186,無,,無,,有,2,,,,無,無,無,,,,,,,,,,,,,,,,,,,,,,,,,,,,,,無,無,,無,,有,有,有,有,有,有,1,B1F,有,1,B1F,有,有,有,無,,無,,無,,有,,無,,有,,無,,無,,無,,無,,無,,無,,無,,無,,有,3,無,,無,,有,始発〜終車まで,無,無,無,無,有,有,無,
JR 信濃町駅,2022/12/12,1600016,131041,東京都,新宿区,信濃町,,https://www.jreast.co.jp/estation/barrier-free/,35.69132917,139.6995728,無,,無,,有,,,,,無,無,無,,,,,,,,,,,,,,,,,,,,,,,,,,,,,,無,無,,無,,無,無,無,無,無,有,2,1F,有,2,1F,有,無,無,無,,無,,無,,無,,無,,無,,無,,無,,無,,無,,無,,無,,無,,無,,有,有,無,,無,,無,,無,無,無,無,無,無,無,
JR 千駄ヶ谷駅,2022/12/12,1510051,131130,東京都,渋谷区,千駄ヶ谷1丁目,,https://www.jreast.co.jp/estation/barrier-free/,35.69132917,139.6995728,無,,無,,有,,,,,無,無,無,,,,,,,,,,,,,,,,,,,,,,,,,,,,,,無,無,,無,,無,無,無,無,無,有,1,1F,有,1,1F,有,有,無,無,,無,,無,,無,,無,,無,,無,,無,,無,,無,,無,,無,,無,,無,,有,有,無,,無,,無,,無,無,無,無,無,無,無,
JR 代々木駅,2022/12/12,1510053,131130,東京都,渋谷区,代々木1丁目,,https://www.jreast.co.jp/estation/barrier-free/,35.683033,139.6995728,無,,無,,有,,,,,無,無,無,,,,,,,,,,,,,,,,,,,,,,,,,,,,,,無,無,,無,,無,無,無,無,無,有,1,1F,有,1,1F,有,無,無,無,,無,,無,,無,,無,,無,,無,,無,,無,,無,,無,,無,,無,,無,,有,有,無,,無,,無,,無,無,無,無,無,無,無,
大江戸線 代々木,2022/1/31,1510053,131130,東京都,渋谷区,代々木一丁目35番5号,03-5350-4773,https://www.kotsu.metro.tokyo.jp/subway/stations/yoyogi.html,35.71191806,139.7982692,無,,無,,有,2,,,,無,無,無,,,,,,,,,,,,,,,,,,,,,,,,,,,,,,無,無,,無,,有,有,有,有,有,有,1,B1F,有,1,B1F,有,無,有,無,,無,,無,,有,,無,,有,,無,,無,,無,,無,,無,,無,,無,,無,,有,3,無,,無,,有,始発〜終車まで,無,無,無,無,有,有,無,
JR 大久保駅,2022/12/12,1690073,131041,東京都,新宿区,百人町1丁目,,https://www.jreast.co.jp/estation/barrier-free/,35.69132917,139.6995728,無,,無,,有,,,,,無,無,無,,,,,,,,,,,,,,,,,,,,,,,,,,,,,,無,無,,無,,無,無,無,無,無,有,1,1F,有,1,1F,有,無,無,無,,無,,無,,無,,無,,無,,無,,無,,無,,無,,無,,無,,無,,無,,有,有,無,,無,,無,,無,無,無,無,無,無,無,
JR 東中野駅,2022/12/12,1640003,131148,東京都,中野区,東中野4丁目,,https://www.jreast.co.jp/estation/barrier-free/,35.69132917,139.6995728,無,,無,,有,,,,,無,無,無,,,,,,,,,,,,,,,,,,,,,,,,,,,,,,無,無,,無,,無,無,無,無,無,有,1,1F,有,1,1F,有,無,無,無,,無,,無,,無,,無,,無,,無,,無,,無,,無,,無,,無,,無,,無,,有,有,無,,無,,無,,無,無,無,無,無,無,無,
大江戸線 東中野,2022/1/31,1640003,131148,東京都,中野区,東中野三丁目8番16号,03-3361-9085,https://www.kotsu.metro.tokyo.jp/subway/stations/higashi-nakano.html,35.69869,139.774198,無,,無,,有,2,,,,無,無,無,,,,,,,,,,,,,,,,,,,,,,,,,,,,,,無,無,,無,,有,有,有,有,有,有,1,B1F,有,1,B1F,有,無,有,無,,無,,無,,有,,無,,有,,無,,無,,無,,無,,無,,無,,無,,無,,有,2,無,,無,,有,始発〜終車まで,無,無,無,無,有,有,無,
JR 中野駅,2022/12/12,1640001,131148,東京都,中野区,中野5丁目,,https://www.jreast.co.jp/estation/barrier-free/,35.69132917,139.6995728,無,,無,,無,,,,,無,無,無,,,,,,,,,,,,,,,,,,,,,,,,,,,,,,無,無,,無,,無,無,無,無,無,有,1,1F,有,1,1F,有,有,無,無,,無,,無,,無,,無,,無,,無,,無,,無,,無,,無,,無,,無,,無,,有,有,無,,無,,無,,無,無,無,無,無,無,有,
JR 高円寺駅,2022/12/12,1660003,131156,東京都,杉並区,高円寺南4丁目,,https://www.jreast.co.jp/estation/barrier-free/,35.69132917,139.6995728,無,,無,,有,,,,,無,無,無,,,,,,,,,,,,,,,,,,,,,,,,,,,,,,無,無,,無,,無,無,無,無,無,有,1,1F,有,1,1F,有,無,無,無,,無,,無,,無,,無,,無,,無,,無,,無,,無,,無,,無,,無,,無,,有,有,無,,無,,無,,無,無,無,無,無,無,無,
JR 阿佐ケ谷駅,2022/12/12,1660004,131156,東京都,杉並区,阿佐谷南3丁目,,https://www.jreast.co.jp/estation/barrier-free/,35.69132917,139.6995728,無,,無,,有,,,,,無,無,無,,,,,,,,,,,,,,,,,,,,,,,,,,,,,,無,無,,無,,無,無,無,無,無,有,2,"1F,M2F",有,2,"1F,M2F",有,無,無,無,,無,,無,,無,,無,,無,,無,,無,,無,,無,,無,,無,,無,,無,,有,有,無,,無,,無,,無,無,無,無,無,無,無,
JR 荻窪駅,2022/12/12,1670043,131156,東京都,杉並区,上荻1丁目,,https://www.jreast.co.jp/estation/barrier-free/,35.69132917,139.6995728,無,,無,,有,,,,,無,無,無,,,,,,,,,,,,,,,,,,,,,,,,,,,,,,無,無,,無,,無,無,無,無,無,有,1,1F,有,1,1F,有,無,無,無,,無,,無,,無,,無,,無,,無,,無,,無,,無,,無,,無,,無,,無,,有,有,無,,無,,無,,無,無,無,無,無,無,無,
JR 西荻窪駅,2022/12/12,1670043,131156,東京都,杉並区,上荻1丁目,,https://www.jreast.co.jp/estation/barrier-free/,35.69132917,139.6995728,無,,無,,有,,,,,無,無,無,,,,,,,,,,,,,,,,,,,,,,,,,,,,,,無,無,,無,,無,無,無,無,無,有,1,1F,有,1,1F,有,無,無,無,,無,,無,,無,,無,,無,,無,,無,,無,,無,,無,,無,,無,,無,,有,有,無,,無,,無,,無,無,無,無,無,無,無,
JR 御徒町駅,2022/12/12,1100005,131067,東京都,台東区,上野5丁目,,https://www.jreast.co.jp/estation/barrier-free/,35.69132917,139.6995728,無,,無,,有,,,,,無,無,無,,,,,,,,,,,,,,,,,,,,,,,,,,,,,,無,無,,無,,無,無,無,無,無,有,2,1F,有,2,1F,有,無,無,無,,無,,無,,無,,無,,無,,無,,無,,無,,無,,無,,無,,無,,無,,有,有,無,,無,,無,,無,無,無,無,無,無,無,
JR 鶯谷駅,2022/12/12,1100003,131067,東京都,台東区,根岸1丁目,,https://www.jreast.co.jp/estation/barrier-free/,35.69132917,139.6995728,無,,無,,有,,,,,無,無,無,,,,,,,,,,,,,,,,,,,,,,,,,,,,,,無,無,,無,,無,無,無,無,無,有,1,1F,有,1,1F,有,無,無,無,,無,,無,,無,,無,,無,,無,,無,,無,,無,,無,,無,,無,,無,,有,有,無,,無,,無,,無,無,無,無,無,無,無,
JR 日暮里駅,2022/12/12,1160013,131181,東京都,荒川区,西日暮里2丁目,,https://www.jreast.co.jp/estation/barrier-free/,35.69132917,139.6995728,無,,無,,有,,,,,無,無,無,,,,,,,,,,,,,,,,,,,,,,,,,,,,,,無,無,,無,,無,無,無,無,無,有,1,2F,有,1,2F,有,無,無,無,,無,,無,,無,,無,,無,,無,,無,,無,,無,,無,,無,,無,,無,,有,有,無,,無,,無,,無,無,無,無,無,無,無,
JR 西日暮里駅,2022/12/12,1160013,131181,東京都,荒川区,西日暮里5丁目,,https://www.jreast.co.jp/estation/barrier-free/,35.69132917,139.6995728,無,,無,,有,,,,,無,無,無,,,,,,,,,,,,,,,,,,,,,,,,,,,,,,無,無,,無,,無,無,無,無,無,有,1,1F,有,1,1F,有,無,無,無,,無,,無,,無,,無,,無,,無,,無,,無,,無,,無,,無,,無,,無,,有,有,無,,無,,無,,無,無,無,無,無,無,無,
JR 田端駅,2022/12/12,1140013,131172,東京都,北区,東田端1丁目,,https://www.jreast.co.jp/estation/barrier-free/,35.69132917,139.6995728,無,,無,,有,,,,,無,無,無,,,,,,,,,,,,,,,,,,,,,,,,,,,,,,無,無,,無,,無,無,無,無,無,有,1,1F,有,1,1F,有,無,無,無,,無,,無,,無,,無,,無,,無,,無,,無,,無,,無,,無,,無,,無,,有,有,無,,無,,無,,無,無,無,無,無,無,無,
JR 上中里駅,2022/12/12,1140016,131172,東京都,北区,上中里1丁目,,https://www.jreast.co.jp/estation/barrier-free/,35.69132917,139.6995728,無,,無,,有,,,,,無,無,無,,,,,,,,,,,,,,,,,,,,,,,,,,,,,,無,無,,無,,無,無,無,無,無,有,1,1F,有,1,1F,有,無,無,無,,無,,無,,無,,無,,無,,無,,無,,無,,無,,無,,無,,無,,無,,有,有,無,,無,,無,,無,無,無,無,無,無,無,
JR 王子駅,2022/12/12,1140002,131172,東京都,北区,王子1丁目,,https://www.jreast.co.jp/estation/barrier-free/,35.69132917,139.6995728,無,,無,,有,,,,,無,無,無,,,,,,,,,,,,,,,,,,,,,,,,,,,,,,無,無,,無,,無,無,無,無,無,有,1,1F,有,1,1F,有,有,無,無,,無,,無,,無,,無,,無,,無,,無,,無,,無,,無,,無,,無,,無,,有,有,無,,無,,無,,無,無,無,無,無,無,有,
JR 東十条駅,2022/12/12,1140001,131172,東京都,北区,東十条3丁目,,https://www.jreast.co.jp/estation/barrier-free/,35.69132917,139.6995728,無,,無,,有,,,,,無,無,無,,,,,,,,,,,,,,,,,,,,,,,,,,,,,,無,無,,無,,無,無,無,無,無,有,1,2F,有,1,2F,有,有,無,無,,無,,無,,無,,無,,無,,無,,無,,無,,無,,無,,無,,無,,無,,有,有,無,,無,,無,,無,無,無,無,無,無,無,
JR 赤羽駅,2022/12/12,1150045,131172,東京都,北区,赤羽1丁目,,https://www.jreast.co.jp/estation/barrier-free/,35.69132917,139.6995728,無,,無,,有,,,,,無,無,無,,,,,,,,,,,,,,,,,,,,,,,,,,,,,,無,無,,無,,無,無,無,無,無,有,1,1F,有,1,1F,有,無,無,無,,無,,無,,無,,無,,無,,無,,無,,無,,無,,無,,無,,無,,無,,有,有,無,,無,,無,,無,無,無,無,無,無,無,
JR 尾久駅,2022/12/12,1140011,131172,東京都,北区,昭和町1丁目,,https://www.jreast.co.jp/estation/barrier-free/,35.69132917,139.6995728,無,,無,,有,,,,,無,無,無,,,,,,,,,,,,,,,,,,,,,,,,,,,,,,無,無,,無,,無,無,無,無,無,有,1,1F,有,1,1F,有,無,無,無,,無,,無,,無,,無,,無,,無,,無,,無,,無,,無,,無,,無,,無,,有,有,無,,無,,無,,無,無,無,無,無,無,無,
JR 北赤羽駅,2022/12/12,1150052,131172,東京都,北区,赤羽北2丁目,,https://www.jreast.co.jp/estation/barrier-free/,35.69132917,139.6995728,無,,無,,有,,,,,無,無,無,,,,,,,,,,,,,,,,,,,,,,,,,,,,,,無,無,,無,,無,無,無,無,無,有,1,1F,有,1,1F,有,無,無,無,,無,,無,,無,,無,,無,,無,,無,,無,,無,,無,,無,,無,,無,,有,有,無,,無,,無,,無,無,無,無,無,無,無,
JR 浮間舟渡駅,2022/12/12,1150051,131172,東京都,北区,浮間4丁目,,https://www.jreast.co.jp/estation/barrier-free/,35.69132917,139.6995728,無,,無,,有,,,,,無,無,無,,,,,,,,,,,,,,,,,,,,,,,,,,,,,,無,無,,無,,無,無,無,無,無,有,1,1F,有,1,1F,有,無,無,無,,無,,無,,無,,無,,無,,無,,無,,無,,無,,無,,無,,無,,無,,有,有,無,,無,,無,,無,無,無,無,無,無,無,
JR 三河島駅,2022/12/12,1160013,131181,東京都,荒川区,西日暮里1丁目,,https://www.jreast.co.jp/estation/barrier-free/,35.69132917,139.6995728,無,,無,,有,,,,,無,無,無,,,,,,,,,,,,,,,,,,,,,,,,,,,,,,無,無,,無,,無,無,無,無,無,有,1,1F,有,1,1F,有,無,無,無,,無,,無,,無,,無,,無,,無,,無,,無,,無,,無,,無,,無,,無,,有,有,無,,無,,無,,無,無,無,無,無,無,無,
JR 南千住駅,2022/12/12,1160003,131181,東京都,荒川区,南千住4丁目,,https://www.jreast.co.jp/estation/barrier-free/,35.69132917,139.6995728,無,,無,,有,,,,,無,無,無,,,,,,,,,,,,,,,,,,,,,,,,,,,,,,無,無,,無,,無,無,無,無,無,有,1,1F,有,1,1F,有,無,無,無,,無,,無,,無,,無,,無,,無,,無,,無,,無,,無,,無,,無,,無,,有,有,無,,無,,無,,無,無,無,無,無,無,無,
JR 北千住駅,2022/12/12,1200026,131211,東京都,足立区,千住旭町,,https://www.jreast.co.jp/estation/barrier-free/,35.69132917,139.6995728,無,,無,,有,,,,,無,無,無,,,,,,,,,,,,,,,,,,,,,,,,,,,,,,無,無,,無,,無,無,無,無,無,有,1,2F,有,1,2F,有,無,無,無,,無,,無,,無,,無,,無,,無,,無,,無,,無,,無,,無,,無,,無,,有,有,無,,無,,無,,無,無,無,無,無,無,無,
JR 亀有駅,2022/12/12,1250061,131229,東京都,葛飾区,亀有3丁目,,https://www.jreast.co.jp/estation/barrier-free/,35.69132917,139.6995728,無,,無,,有,,,,,無,無,無,,,,,,,,,,,,,,,,,,,,,,,,,,,,,,無,無,,無,,無,無,無,無,無,有,1,1F,有,1,1F,有,無,無,無,,無,,無,,無,,無,,無,,無,,無,,無,,無,,無,,無,,無,,無,,有,有,無,,無,,無,,無,無,無,無,無,無,無,
JR 金町駅,2022/12/12,1250042,131229,東京都,葛飾区,金町6丁目,,https://www.jreast.co.jp/estation/barrier-free/,35.69132917,139.6995728,無,,無,,有,,,,,無,無,無,,,,,,,,,,,,,,,,,,,,,,,,,,,,,,無,無,,無,,無,無,無,無,無,有,1,1F,有,1,1F,有,無,無,無,,無,,無,,無,,無,,無,,無,,無,,無,,無,,無,,無,,無,,無,,有,有,無,,無,,無,,無,無,無,無,無,無,無,
JR 新日本橋駅,2022/12/12,1030022,131024,東京都,中央区,日本橋室町4丁目,,https://www.jreast.co.jp/estation/barrier-free/,35.69132917,139.6995728,無,,無,,有,,,,,無,無,無,,,,,,,,,,,,,,,,,,,,,,,,,,,,,,無,無,,無,,無,無,無,無,無,有,1,B1F,有,1,B1F,有,無,無,無,,無,,無,,無,,無,,無,,無,,無,,無,,無,,無,,無,,無,,無,,有,有,無,,無,,無,,無,無,無,無,無,無,無,
JR 馬喰町駅,2022/12/12,1030002,131024,東京都,中央区,日本橋馬喰町1丁目,,https://www.jreast.co.jp/estation/barrier-free/,35.69132917,139.6995728,無,,無,,有,,,,,無,無,無,,,,,,,,,,,,,,,,,,,,,,,,,,,,,,無,無,,無,,無,無,無,無,無,有,1,B1F,有,1,B1F,有,無,無,無,,無,,無,,無,,無,,無,,無,,無,,無,,無,,無,,無,,無,,無,,有,有,無,,無,,無,,無,無,無,無,無,無,無,
JR 八丁堀駅,2022/12/12,1040032,131024,東京都,中央区,八丁堀3丁目,,https://www.jreast.co.jp/estation/barrier-free/,35.69132917,139.6995728,無,,無,,有,,,,,無,無,無,,,,,,,,,,,,,,,,,,,,,,,,,,,,,,無,無,,無,,無,無,無,無,無,有,1,1F,有,1,1F,有,有,無,無,,無,,無,,無,,無,,無,,無,,無,,無,,無,,無,,無,,無,,無,,有,有,無,,無,,無,,無,無,無,無,無,無,無,
JR 越中島駅,2022/12/12,1350044,131083,東京都,江東区,越中島2丁目,,https://www.jreast.co.jp/estation/barrier-free/,35.69132917,139.6995728,無,,無,,有,,,,,無,無,無,,,,,,,,,,,,,,,,,,,,,,,,,,,,,,無,無,,無,,無,無,無,無,無,有,1,1F,有,1,1F,有,無,無,無,,無,,無,,無,,無,,無,,無,,無,,無,,無,,無,,無,,無,,無,,有,有,無,,無,,無,,無,無,無,無,無,無,無,
JR 駒込駅,2022/12/12,1700003,131164,東京都,豊島区,駒込2丁目,,https://www.jreast.co.jp/estation/barrier-free/,35.69132917,139.6995728,無,,無,,有,,,,,無,無,無,,,,,,,,,,,,,,,,,,,,,,,,,,,,,,無,無,,無,,無,無,無,無,無,有,1,1F,有,1,1F,有,無,無,無,,無,,無,,無,,無,,無,,無,,無,,無,,無,,無,,無,,無,,無,,有,有,無,,無,,無,,無,無,無,無,無,無,無,
JR 巣鴨駅,2022/12/12,1700002,131164,東京都,豊島区,巣鴨1丁目,,https://www.jreast.co.jp/estation/barrier-free/,35.69132917,139.6995728,無,,無,,有,,,,,無,無,無,,,,,,,,,,,,,,,,,,,,,,,,,,,,,,無,無,,無,,無,無,無,無,無,有,1,2F,有,1,2F,有,無,無,無,,無,,無,,無,,無,,無,,無,,無,,無,,無,,無,,無,,無,,無,,有,有,無,,無,,無,,無,無,無,無,無,無,無,
三田線 巣鴨,2022/1/31,1700002,131164,東京都,豊島区,巣鴨三丁目27番7号,03-3917-0217,https://www.kotsu.metro.tokyo.jp/subway/stations/sugamo.html,35.65547833,139.7567222,無,,無,,有,2,,,,無,無,無,,,,,,,,,,,,,,,,,,,,,,,,,,,,,,無,無,,無,,有,有,有,有,有,有,1,B1F,有,1,B1F,有,無,有,無,,無,,無,,有,,無,,有,,無,,無,,無,,無,,無,,無,,無,,無,,有,1,無,,無,,有,始発〜終車まで,無,無,無,無,有,有,無,
JR 大塚駅,2022/12/12,1700005,131164,東京都,豊島区,南大塚3丁目,,https://www.jreast.co.jp/estation/barrier-free/,35.69132917,139.6995728,無,,無,,有,,,,,無,無,無,,,,,,,,,,,,,,,,,,,,,,,,,,,,,,無,無,,無,,無,無,無,無,無,有,1,1F,有,1,1F,有,無,無,無,,無,,無,,無,,無,,無,,無,,無,,無,,無,,無,,無,,無,,無,,有,有,無,,無,,無,,無,無,無,無,無,無,無,
JR 目白駅,2022/12/12,1710031,131164,東京都,豊島区,目白3丁目,,https://www.jreast.co.jp/estation/barrier-free/,35.69132917,139.6995728,無,,無,,有,,,,,無,無,無,,,,,,,,,,,,,,,,,,,,,,,,,,,,,,無,無,,無,,無,無,無,無,無,有,1,2F,有,1,2F,有,無,無,無,,無,,無,,無,,無,,無,,無,,無,,無,,無,,無,,無,,無,,無,,有,有,無,,無,,無,,無,無,無,無,無,無,無,
JR 高田馬場駅,2022/12/12,1690075,131041,東京都,新宿区,高田馬場1丁目,,https://www.jreast.co.jp/estation/barrier-free/,35.69132917,139.6995728,無,,無,,有,,,,,無,無,無,,,,,,,,,,,,,,,,,,,,,,,,,,,,,,無,無,,無,,無,無,無,無,無,有,1,1F,有,1,1F,有,無,無,無,,無,,無,,無,,無,,無,,無,,無,,無,,無,,無,,無,,無,,無,,有,有,無,,無,,無,,無,無,無,無,無,無,無,
JR 原宿駅,2022/12/12,1500001,131130,東京都,渋谷区,神宮前1丁目,,https://www.jreast.co.jp/estation/barrier-free/,35.69132917,139.6995728,無,,無,,有,,,,,無,無,無,,,,,,,,,,,,,,,,,,,,,,,,,,,,,,無,無,,無,,無,無,無,無,無,有,1,2F,有,1,2F,有,無,無,無,,無,,無,,無,,無,,無,,無,,無,,無,,無,,無,,無,,無,,無,,有,有,無,,無,,無,,無,無,無,無,無,無,無,
JR 恵比寿駅,2022/12/12,1500022,131130,東京都,渋谷区,恵比寿南1丁目,,https://www.jreast.co.jp/estation/barrier-free/,35.69132917,139.6995728,無,,無,,有,,,,,無,無,無,,,,,,,,,,,,,,,,,,,,,,,,,,,,,,無,無,,無,,無,無,無,無,無,有,2,"1F,2F",有,2,"1F,2F",有,無,無,無,,無,,無,,無,,無,,無,,無,,無,,無,,無,,無,,無,,無,,無,,有,有,無,,無,,無,,無,無,無,無,無,無,無,
JR 目黒駅,2022/12/12,1410021,131091,東京都,品川区,上大崎2丁目,,https://www.jreast.co.jp/estation/barrier-free/,35.69132917,139.6995728,無,,無,,有,,,,,無,無,無,,,,,,,,,,,,,,,,,,,,,,,,,,,,,,無,無,,無,,無,無,無,無,無,有,1,1F,有,1,1F,有,無,無,無,,無,,無,,無,,無,,無,,無,,無,,無,,無,,無,,無,,無,,無,,有,有,無,,無,,無,,無,無,無,無,無,無,無,
三田線 目黒,2025/1/22,1410021,131105,東京都,,,03-3493-5774,https://www.kotsu.metro.tokyo.jp/subway/stations/meguro.html,35.54884472,139.7840283,無,,無,,有,1,,,,無,無,無,,,,,,,,,,,,,,,,,,,,,,,,,,,,,,無,無,,無,,無,無,無,無,無,有,,,無,,,有,無,無,無,,無,,無,,無,,無,,無,,無,,無,,無,,無,,無,,無,,無,,無,,有,1,無,,無,,無,,無,無,無,無,無,無,無,
JR 五反田駅,2022/12/12,1410022,131091,東京都,品川区,東五反田1丁目,,https://www.jreast.co.jp/estation/barrier-free/,35.69132917,139.6995728,無,,無,,有,,,,,無,無,無,,,,,,,,,,,,,,,,,,,,,,,,,,,,,,無,無,,無,,無,無,無,無,無,有,1,1F,有,1,1F,有,無,無,無,,無,,無,,無,,無,,無,,無,,無,,無,,無,,無,,無,,無,,無,,有,有,無,,無,,無,,無,無,無,無,無,無,無,
浅草線　五反田,2022/1/31,1410022,131091,東京都,品川区,東五反田一丁目26番2号,03-3447-2981,https://www.kotsu.metro.tokyo.jp/subway/stations/gotanda.html,35.54470667,139.7691161,無,,無,,有,2,,,,無,無,無,,,,,,,,,,,,,,,,,,,,,,,,,,,,,,無,無,,無,,有,有,有,有,有,有,1,B1F,有,3,B1F,有,無,有,無,,無,,無,,有,,無,,有,,無,,無,,無,,無,,無,,無,,無,,無,,有,2,無,,無,,有,始発〜終車まで,無,無,無,無,有,無,無,
JR 大崎駅,2022/12/12,1410032,131091,東京都,品川区,大崎1丁目,,https://www.jreast.co.jp/estation/barrier-free/,35.69132917,139.6995728,無,,無,,有,,,,,無,無,無,,,,,,,,,,,,,,,,,,,,,,,,,,,,,,無,無,,無,,無,無,無,無,無,有,1,2F,有,1,2F,有,無,無,無,,無,,無,,無,,無,,無,,無,,無,,無,,無,,無,,無,,無,,無,,有,有,無,,無,,無,,無,無,無,無,無,無,無,
JR 十条駅,2022/12/12,1140034,131172,東京都,北区,上十条1丁目,,https://www.jreast.co.jp/estation/barrier-free/,35.69132917,139.6995728,無,,無,,有,,,,,無,無,無,,,,,,,,,,,,,,,,,,,,,,,,,,,,,,無,無,,無,,無,無,無,無,無,有,1,1F,有,1,1F,有,有,無,無,,無,,無,,無,,無,,無,,無,,無,,無,,無,,無,,無,,無,,無,,有,有,無,,無,,無,,無,無,無,無,無,無,無,
JR 矢野口駅,2022/12/12,2060812,132250,東京都,稲城市,矢野口,,https://www.jreast.co.jp/estation/barrier-free/,35.69132917,139.6995728,無,,無,,有,,,,,無,無,無,,,,,,,,,,,,,,,,,,,,,,,,,,,,,,無,無,,無,,無,無,無,無,無,有,1,1F,有,1,1F,有,無,無,無,,無,,無,,無,,無,,無,,無,,無,,無,,無,,無,,無,,無,,無,,有,有,無,,無,,無,,無,無,無,無,無,無,無,
JR 稲城長沼駅,2022/12/12,2060802,132250,東京都,稲城市,東長沼,,https://www.jreast.co.jp/estation/barrier-free/,35.69132917,139.6995728,無,,無,,有,,,,,無,無,無,,,,,,,,,,,,,,,,,,,,,,,,,,,,,,無,無,,無,,無,無,無,無,無,有,1,1F,有,1,1F,有,無,無,無,,無,,無,,無,,無,,無,,無,,無,,無,,無,,無,,無,,無,,無,,有,有,無,,無,,無,,無,無,無,無,無,無,無,
JR 南多摩駅,2022/12/12,2060801,132250,東京都,稲城市,大丸,,https://www.jreast.co.jp/estation/barrier-free/,35.69132917,139.6995728,無,,無,,有,,,,,無,無,無,,,,,,,,,,,,,,,,,,,,,,,,,,,,,,無,無,,無,,無,無,無,無,無,有,1,1F,有,1,1F,有,無,無,無,,無,,無,,無,,無,,無,,無,,無,,無,,無,,無,,無,,無,,無,,有,有,無,,無,,無,,無,無,無,無,無,無,無,
JR 府中本町駅,2022/12/12,1830027,132063,東京都,府中市,本町1丁目,,https://www.jreast.co.jp/estation/barrier-free/,35.69132917,139.6995728,無,,無,,有,,,,,無,無,無,,,,,,,,,,,,,,,,,,,,,,,,,,,,,,無,無,,無,,無,無,無,無,無,有,1,2F,有,1,2F,有,無,無,無,,無,,無,,無,,無,,無,,無,,無,,無,,無,,無,,無,,無,,無,,有,有,無,,無,,無,,無,無,無,無,無,無,無,
JR 分倍河原駅,2022/12/12,1830021,132063,東京都,府中市,片町2丁目,,https://www.jreast.co.jp/estation/barrier-free/,35.69132917,139.6995728,無,,無,,有,,,,,無,無,無,,,,,,,,,,,,,,,,,,,,,,,,,,,,,,無,無,,無,,無,無,無,無,無,有,1,1F,有,1,1F,無,無,無,無,,無,,無,,無,,無,,無,,無,,無,,無,,無,,無,,無,,無,,無,,有,有,無,,無,,無,,無,無,無,無,無,無,無,
JR 西府駅,2022/12/12,1830032,132063,東京都,府中市,本宿町1丁目,,https://www.jreast.co.jp/estation/barrier-free/,35.69132917,139.6995728,無,,無,,有,,,,,無,無,無,,,,,,,,,,,,,,,,,,,,,,,,,,,,,,無,無,,無,,無,無,無,無,無,有,1,2F,有,1,2F,有,無,無,無,,無,,無,,無,,無,,無,,無,,無,,無,,無,,無,,無,,無,,無,,有,有,無,,無,,無,,無,無,無,無,無,無,無,
JR 谷保駅,2022/12/12,1860011,132152,東京都,国立市,谷保,,https://www.jreast.co.jp/estation/barrier-free/,35.69132917,139.6995728,無,,無,,有,,,,,無,無,無,,,,,,,,,,,,,,,,,,,,,,,,,,,,,,無,無,,無,,無,無,無,無,無,有,1,2F,有,1,2F,無,無,無,無,,無,,無,,無,,無,,無,,無,,無,,無,,無,,無,,無,,無,,無,,有,有,無,,無,,無,,無,無,無,無,無,無,無,
JR 矢川駅,2022/12/12,1860014,132152,東京都,国立市,石田,,https://www.jreast.co.jp/estation/barrier-free/,35.69132917,139.6995728,無,,無,,有,,,,,無,無,無,,,,,,,,,,,,,,,,,,,,,,,,,,,,,,無,無,,無,,無,無,無,無,無,有,1,2F,有,1,2F,有,無,無,無,,無,,無,,無,,無,,無,,無,,無,,無,,無,,無,,無,,無,,無,,有,有,無,,無,,無,,無,無,無,無,無,無,無,
JR 西国立駅,2022/12/12,1900021,132021,東京都,立川市,羽衣町1丁目,,https://www.jreast.co.jp/estation/barrier-free/,35.69132917,139.6995728,無,,無,,有,,,,,無,無,無,,,,,,,,,,,,,,,,,,,,,,,,,,,,,,無,無,,無,,無,無,無,無,無,有,1,1F,有,1,1F,無,無,無,無,,無,,無,,無,,無,,無,,無,,無,,無,,無,,無,,無,,無,,無,,有,有,無,,無,,無,,無,無,無,無,無,無,無,
JR 北府中駅,2022/12/12,1830057,132063,東京都,府中市,晴見町2丁目,,https://www.jreast.co.jp/estation/barrier-free/,35.69132917,139.6995728,無,,無,,有,,,,,無,無,無,,,,,,,,,,,,,,,,,,,,,,,,,,,,,,無,無,,無,,無,無,無,無,無,有,1,2F,有,1,2F,有,無,無,無,,無,,無,,無,,無,,無,,無,,無,,無,,無,,無,,無,,無,,無,,有,有,無,,無,,無,,無,無,無,無,無,無,無,
JR 新小平駅,2022/12/12,1870032,132110,東京都,小平市,小川町2丁目,,https://www.jreast.co.jp/estation/barrier-free/,35.69132917,139.6995728,無,,無,,有,,,,,無,無,無,,,,,,,,,,,,,,,,,,,,,,,,,,,,,,無,無,,無,,無,無,無,無,無,有,1,1F,有,1,1F,有,無,無,無,,無,,無,,無,,無,,無,,無,,無,,無,,無,,無,,無,,無,,無,,有,有,無,,無,,無,,無,無,無,無,無,無,無,
JR 新秋津駅,2022/12/12,1890001,132136,東京都,東村山市,秋津町5丁目,,https://www.jreast.co.jp/estation/barrier-free/,35.69132917,139.6995728,無,,無,,有,,,,,無,無,無,,,,,,,,,,,,,,,,,,,,,,,,,,,,,,無,無,,無,,無,無,無,無,無,有,1,2F,有,1,2F,有,無,無,無,,無,,無,,無,,無,,無,,無,,無,,無,,無,,無,,無,,無,,無,,有,有,無,,無,,無,,無,無,無,無,無,無,無,
JR 相原駅,2022/12/12,1940211,132098,東京都,町田市,相原町,,https://www.jreast.co.jp/estation/barrier-free/,35.69132917,139.6995728,無,,無,,有,,,,,無,無,無,,,,,,,,,,,,,,,,,,,,,,,,,,,,,,無,無,,無,,無,無,無,無,無,有,1,2F,有,1,2F,有,無,無,無,,無,,無,,無,,無,,無,,無,,無,,無,,無,,無,,無,,無,,無,,有,有,無,,無,,無,,無,無,無,無,無,無,無,
JR 八王子みなみ野駅,2022/12/12,1920916,132012,東京都,八王子市,みなみ野1丁目,,https://www.jreast.co.jp/estation/barrier-free/,35.69132917,139.6995728,無,,無,,有,,,,,無,無,無,,,,,,,,,,,,,,,,,,,,,,,,,,,,,,無,無,,無,,無,無,無,無,無,有,1,2F,有,1,2F,有,無,無,無,,無,,無,,無,,無,,無,,無,,無,,無,,無,,無,,無,,無,,無,,有,有,無,,無,,無,,無,無,無,無,無,無,無,
JR 片倉駅,2022/12/12,1920914,132012,東京都,八王子市,片倉町,,https://www.jreast.co.jp/estation/barrier-free/,35.69132917,139.6995728,無,,無,,有,,,,,無,無,無,,,,,,,,,,,,,,,,,,,,,,,,,,,,,,無,無,,無,,無,無,無,無,無,有,1,1F,有,1,1F,有,無,無,無,,無,,無,,無,,無,,無,,無,,無,,無,,無,,無,,無,,無,,無,,有,有,無,,無,,無,,無,無,無,無,無,無,無,
JR 成瀬駅,2022/12/12,1940045,132098,東京都,町田市,南成瀬1丁目1番5号,,https://www.jreast.co.jp/estation/barrier-free/,35.69132917,139.6995728,無,,無,,有,,,,,無,無,無,,,,,,,,,,,,,,,,,,,,,,,,,,,,,,無,無,,無,,無,無,無,無,無,有,1,1F,有,1,1F,有,無,無,無,,無,,無,,無,,無,,無,,無,,無,,無,,無,,無,,無,,無,,無,,有,有,無,,無,,無,,無,無,無,無,無,無,無,
JR 町田駅,2022/12/12,1940013,132098,東京都,町田市,原町田1丁目,,https://www.jreast.co.jp/estation/barrier-free/,35.69132917,139.6995728,無,,無,,有,,,,,無,無,無,,,,,,,,,,,,,,,,,,,,,,,,,,,,,,無,無,,無,,無,無,無,無,無,有,1,2F,有,1,2F,有,無,無,無,,無,,無,,無,,無,,無,,無,,無,,無,,無,,無,,無,,無,,無,,有,有,無,,無,,無,,無,無,無,無,無,無,無,
JR 三鷹駅,2022/12/12,1810013,132047,東京都,三鷹市,下連雀3丁目,,https://www.jreast.co.jp/estation/barrier-free/,35.69132917,139.6995728,無,,無,,有,,,,,無,無,無,,,,,,,,,,,,,,,,,,,,,,,,,,,,,,無,無,,無,,無,無,無,無,無,有,1,3F,有,1,3F,有,無,無,無,,無,,無,,無,,無,,無,,無,,無,,無,,無,,無,,無,,無,,無,,有,有,無,,無,,無,,無,無,無,無,無,無,無,
JR 武蔵境駅,2022/12/12,1800022,132039,東京都,武蔵野市,境1丁目,,https://www.jreast.co.jp/estation/barrier-free/,35.69132917,139.6995728,無,,無,,有,,,,,無,無,無,,,,,,,,,,,,,,,,,,,,,,,,,,,,,,無,無,,無,,無,無,無,無,無,有,1,1F,有,1,1F,有,無,無,無,,無,,無,,無,,無,,無,,無,,無,,無,,無,,無,,無,,無,,無,,有,有,無,,無,,無,,無,無,無,無,無,無,無,
JR 東小金井駅,2022/12/12,1840002,132101,東京都,小金井市,梶野町5丁目,,https://www.jreast.co.jp/estation/barrier-free/,35.69132917,139.6995728,無,,無,,有,,,,,無,無,無,,,,,,,,,,,,,,,,,,,,,,,,,,,,,,無,無,,無,,無,無,無,無,無,有,1,1F,有,1,1F,有,無,無,無,,無,,無,,無,,無,,無,,無,,無,,無,,無,,無,,無,,無,,無,,有,有,無,,無,,無,,無,無,無,無,無,無,無,
JR 武蔵小金井駅,2022/12/12,1840004,132101,東京都,小金井市,本町6丁目,,https://www.jreast.co.jp/estation/barrier-free/,35.69132917,139.6995728,無,,無,,有,,,,,無,無,無,,,,,,,,,,,,,,,,,,,,,,,,,,,,,,無,無,,無,,無,無,無,無,無,有,1,1F,有,1,1F,有,無,無,無,,無,,無,,無,,無,,無,,無,,無,,無,,無,,無,,無,,無,,無,,有,有,無,,無,,無,,無,無,無,無,無,無,無,
JR 国分寺駅,2022/12/12,1850012,132144,東京都,国分寺市,本町2丁目,,https://www.jreast.co.jp/estation/barrier-free/,35.69132917,139.6995728,無,,無,,有,,,,,無,無,無,,,,,,,,,,,,,,,,,,,,,,,,,,,,,,無,無,,無,,無,無,無,無,無,有,1,2F,有,1,2F,有,無,無,無,,無,,無,,無,,無,,無,,無,,無,,無,,無,,無,,無,,無,,無,,有,有,無,,無,,無,,無,無,無,無,無,無,無,
JR 西国分寺駅,2022/12/12,1850013,132144,東京都,国分寺市,西恋ヶ窪2丁目,,https://www.jreast.co.jp/estation/barrier-free/,35.69132917,139.6995728,無,,無,,有,,,,,無,無,無,,,,,,,,,,,,,,,,,,,,,,,,,,,,,,無,無,,無,,無,無,無,無,無,有,1,2F,有,1,2F,有,無,無,無,,無,,無,,無,,無,,無,,無,,無,,無,,無,,無,,無,,無,,無,,有,有,無,,無,,無,,無,無,無,無,無,無,無,
JR 国立駅,2022/12/12,1860001,132152,東京都,国立市,北1丁目,,https://www.jreast.co.jp/estation/barrier-free/,35.69132917,139.6995728,無,,無,,有,,,,,無,無,無,,,,,,,,,,,,,,,,,,,,,,,,,,,,,,無,無,,無,,無,無,無,無,無,有,1,1F,有,1,1F,有,無,無,無,,無,,無,,無,,無,,無,,無,,無,,無,,無,,無,,無,,無,,無,,有,有,無,,無,,無,,無,無,無,無,無,無,無,
JR 立川駅,2022/12/12,1900012,132021,東京都,立川市,曙町2丁目,,https://www.jreast.co.jp/estation/barrier-free/,35.69132917,139.6995728,無,,無,,有,,,,,無,無,無,,,,,,,,,,,,,,,,,,,,,,,,,,,,,,無,無,,無,,無,無,無,無,無,有,2,2F,有,2,2F,有,無,無,無,,無,,無,,無,,無,,無,,無,,無,,無,,無,,無,,無,,無,,無,,有,有,無,,無,,無,,無,無,無,無,無,無,無,
JR 日野駅,2022/12/12,1910061,132128,東京都,日野市,大坂上1丁目,,https://www.jreast.co.jp/estation/barrier-free/,35.69132917,139.6995728,無,,無,,有,,,,,無,無,無,,,,,,,,,,,,,,,,,,,,,,,,,,,,,,無,無,,無,,無,無,無,無,無,有,1,1F,有,1,1F,無,無,無,無,,無,,無,,無,,無,,無,,無,,無,,無,,無,,無,,無,,無,,無,,有,有,無,,無,,無,,無,無,無,無,無,無,無,
JR 豊田駅,2022/12/12,1910053,132128,東京都,日野市,豊田4丁目,,https://www.jreast.co.jp/estation/barrier-free/,35.69132917,139.6995728,無,,無,,有,,,,,無,無,無,,,,,,,,,,,,,,,,,,,,,,,,,,,,,,無,無,,無,,無,無,無,無,無,有,1,2F,有,1,2F,有,無,無,無,,無,,無,,無,,無,,無,,無,,無,,無,,無,,無,,無,,無,,無,,有,有,無,,無,,無,,無,無,無,無,無,無,無,
JR 八王子駅,2022/12/12,1920083,132012,東京都,八王子市,旭町1丁目,,https://www.jreast.co.jp/estation/barrier-free/,35.69132917,139.6995728,無,,無,,有,,,,,無,無,無,,,,,,,,,,,,,,,,,,,,,,,,,,,,,,無,無,,無,,無,無,無,無,無,有,1,2F,有,1,2F,有,無,無,無,,無,,無,,無,,無,,無,,無,,無,,無,,無,,無,,無,,無,,無,,有,有,無,,無,,無,,無,無,無,無,無,無,無,
JR 西八王子駅,2022/12/12,1930835,132012,東京都,八王子市,千人町2丁目,,https://www.jreast.co.jp/estation/barrier-free/,35.69132917,139.6995728,無,,無,,有,,,,,無,無,無,,,,,,,,,,,,,,,,,,,,,,,,,,,,,,無,無,,無,,無,無,無,無,無,有,1,2F,有,1,2F,有,無,無,無,,無,,無,,無,,無,,無,,無,,無,,無,,無,,無,,無,,無,,無,,有,有,無,,無,,無,,無,無,無,無,無,無,無,
JR 西立川駅,2022/12/12,1900013,132021,東京都,立川市,富士見町1丁目,,https://www.jreast.co.jp/estation/barrier-free/,35.69132917,139.6995728,無,,無,,有,,,,,無,無,無,,,,,,,,,,,,,,,,,,,,,,,,,,,,,,無,無,,無,,無,無,無,無,無,有,1,2F,有,1,2F,有,無,無,無,,無,,無,,無,,無,,無,,無,,無,,無,,無,,無,,無,,無,,無,,有,有,無,,無,,無,,無,無,無,無,無,無,無,
JR 東中神駅,2022/12/12,1960034,132071,東京都,昭島市,玉川町1丁目,,https://www.jreast.co.jp/estation/barrier-free/,35.69132917,139.6995728,無,,無,,有,,,,,無,無,無,,,,,,,,,,,,,,,,,,,,,,,,,,,,,,無,無,,無,,無,無,無,無,無,有,1,2F,有,1,2F,有,無,無,無,,無,,無,,無,,無,,無,,無,,無,,無,,無,,無,,無,,無,,無,,有,有,無,,無,,無,,無,無,無,無,無,無,無,
JR 中神駅,2022/12/12,1960025,132071,東京都,昭島市,朝日町1丁目,,https://www.jreast.co.jp/estation/barrier-free/,35.69132917,139.6995728,無,,無,,有,,,,,無,無,無,,,,,,,,,,,,,,,,,,,,,,,,,,,,,,無,無,,無,,無,無,無,無,無,有,1,2F,有,1,2F,有,無,無,無,,無,,無,,無,,無,,無,,無,,無,,無,,無,,無,,無,,無,,無,,有,有,無,,無,,無,,無,無,無,無,無,無,無,
JR 昭島駅,2022/12/12,1960015,132071,東京都,昭島市,昭和町2丁目,,https://www.jreast.co.jp/estation/barrier-free/,35.69132917,139.6995728,無,,無,,有,,,,,無,無,無,,,,,,,,,,,,,,,,,,,,,,,,,,,,,,無,無,,無,,無,無,無,無,無,有,1,2F,有,1,2F,有,無,無,無,,無,,無,,無,,無,,無,,無,,無,,無,,無,,無,,無,,無,,無,,有,有,無,,無,,無,,無,無,無,無,無,無,無,
JR 拝島駅,2022/12/12,1960003,132071,東京都,昭島市,松原町4丁目,,https://www.jreast.co.jp/estation/barrier-free/,35.69132917,139.6995728,無,,無,,有,,,,,無,無,無,,,,,,,,,,,,,,,,,,,,,,,,,,,,,,無,無,,無,,無,無,無,無,無,有,1,2F,有,1,2F,有,無,無,無,,無,,無,,無,,無,,無,,無,,無,,無,,無,,無,,無,,無,,無,,有,有,無,,無,,無,,無,無,無,無,無,無,無,
JR 福生駅,2022/12/12,1970022,132187,東京都,福生市,本町,,https://www.jreast.co.jp/estation/barrier-free/,35.69132917,139.6995728,無,,無,,有,,,,,無,無,無,,,,,,,,,,,,,,,,,,,,,,,,,,,,,,無,無,,無,,無,無,無,無,無,有,1,2F,有,1,2F,有,無,無,無,,無,,無,,無,,無,,無,,無,,無,,無,,無,,無,,無,,無,,無,,有,有,無,,無,,無,,無,無,無,無,無,無,無,
JR 羽村駅,2022/12/12,2050014,132276,東京都,羽村市,羽東1丁目,,https://www.jreast.co.jp/estation/barrier-free/,35.69132917,139.6995728,無,,無,,有,,,,,無,無,無,,,,,,,,,,,,,,,,,,,,,,,,,,,,,,無,無,,無,,無,無,無,無,無,有,1,2F,有,1,2F,有,無,無,無,,無,,無,,無,,無,,無,,無,,無,,無,,無,,無,,無,,無,,無,,有,有,無,,無,,無,,無,無,無,無,無,無,無,
JR 小作駅,2022/12/12,2050001,132276,東京都,羽村市,小作台5丁目,,https://www.jreast.co.jp/estation/barrier-free/,35.69132917,139.6995728,無,,無,,有,,,,,無,無,無,,,,,,,,,,,,,,,,,,,,,,,,,,,,,,無,無,,無,,無,無,無,無,無,有,1,2F,有,1,2F,有,無,無,無,,無,,無,,無,,無,,無,,無,,無,,無,,無,,無,,無,,無,,無,,有,有,無,,無,,無,,無,無,無,無,無,無,無,
JR 河辺駅,2022/12/12,1980036,132055,東京都,青梅市,河辺町5丁目,,https://www.jreast.co.jp/estation/barrier-free/,35.69132917,139.6995728,無,,無,,有,,,,,無,無,無,,,,,,,,,,,,,,,,,,,,,,,,,,,,,,無,無,,無,,無,無,無,無,無,有,1,2F,有,1,2F,有,無,無,無,,無,,無,,無,,無,,無,,無,,無,,無,,無,,無,,無,,無,,無,,有,有,無,,無,,無,,無,無,無,無,無,無,無,
JR 青梅駅,2022/12/12,1980083,132055,東京都,青梅市,本町,,https://www.jreast.co.jp/estation/barrier-free/,35.69132917,139.6995728,無,,無,,有,,,,,無,無,無,,,,,,,,,,,,,,,,,,,,,,,,,,,,,,無,無,,無,,無,無,無,無,無,有,1,1F,有,1,1F,無,無,無,無,,無,,無,,無,,無,,無,,無,,無,,無,,無,,無,,無,,無,,無,,有,有,無,,無,,無,,無,無,無,無,無,無,無,
JR 武蔵五日市駅,2022/12/12,1900163,132284,東京都,あきる野市,館谷,,https://www.jreast.co.jp/estation/barrier-free/,35.69132917,139.6995728,無,,無,,有,,,,,無,無,無,,,,,,,,,,,,,,,,,,,,,,,,,,,,,,無,無,,無,,無,無,無,無,無,有,1,1F,有,1,1F,無,無,無,無,,無,,無,,無,,無,,無,,無,,無,,無,,無,,無,,無,,無,,無,,有,有,無,,無,,無,,無,無,無,無,無,無,無,
JR 北八王子駅,2022/12/12,1920032,132012,東京都,八王子市,石川町,,https://www.jreast.co.jp/estation/barrier-free/,35.69132917,139.6995728,無,,無,,有,,,,,無,無,無,,,,,,,,,,,,,,,,,,,,,,,,,,,,,,無,無,,無,,無,無,無,無,無,有,1,1F,有,1,1F,無,無,無,無,,無,,無,,無,,無,,無,,無,,無,,無,,無,,無,,無,,無,,無,,有,有,無,,無,,無,,無,無,無,無,無,無,無,
JR 小宮駅,2022/12/12,1920031,132012,東京都,八王子市,小宮町,,https://www.jreast.co.jp/estation/barrier-free/,35.69132917,139.6995728,無,,無,,有,,,,,無,無,無,,,,,,,,,,,,,,,,,,,,,,,,,,,,,,無,無,,無,,無,無,無,無,無,有,1,2F,有,1,2F,無,無,無,無,,無,,無,,無,,無,,無,,無,,無,,無,,無,,無,,無,,無,,無,,有,有,無,,無,,無,,無,無,無,無,無,無,無,
JR 箱根ヶ崎駅,2022/12/12,1901221,133035,東京都,西多摩郡瑞穂町,大字箱根ヶ崎,,https://www.jreast.co.jp/estation/barrier-free/,35.69132917,139.6995728,無,,無,,有,,,,,無,無,無,,,,,,,,,,,,,,,,,,,,,,,,,,,,,,無,無,,無,,無,無,無,無,無,有,1,2F,有,1,2F,有,無,無,無,,無,,無,,無,,無,,無,,無,,無,,無,,無,,無,,無,,無,,無,,有,有,無,,無,,無,,無,無,無,無,無,無,無,
JR 浅草橋駅,2022/12/12,1110053,131067,東京都,台東区,浅草橋1丁目,,https://www.jreast.co.jp/estation/barrier-free/,35.69132917,139.6995728,無,,無,,有,,,,,無,無,無,,,,,,,,,,,,,,,,,,,,,,,,,,,,,,無,無,,無,,無,無,無,無,無,有,1,2F,有,1,2F,無,無,無,無,,無,,無,,無,,無,,無,,無,,無,,無,,無,,無,,無,,無,,無,,有,有,無,,無,,無,,無,無,無,無,無,無,無,
浅草線　浅草橋,2022/1/31,1110053,131067,東京都,台東区,浅草橋一丁目18番11号,03-3866-8765,https://www.kotsu.metro.tokyo.jp/subway/stations/asakusabashi.html,35.787074,139.672867,無,,無,,有,2,,,,無,無,無,,,,,,,,,,,,,,,,,,,,,,,,,,,,,,無,無,,無,,有,有,有,有,有,有,1,B1F,有,1,B1F,有,無,有,無,,無,,無,,有,,無,,有,,無,,無,,無,,無,,無,,無,,無,,無,,有,3,無,,無,,有,始発〜終車まで,無,無,無,無,有,無,無,
JR 両国駅,2022/12/12,1300015,131075,東京都,墨田区,横網1丁目,,https://www.jreast.co.jp/estation/barrier-free/,35.69132917,139.6995728,無,,無,,有,,,,,無,無,無,,,,,,,,,,,,,,,,,,,,,,,,,,,,,,無,無,,無,,無,無,無,無,無,有,1,1F,有,1,1F,有,無,無,無,,無,,無,,無,,無,,無,,無,,無,,無,,無,,無,,無,,無,,無,,有,有,無,,無,,無,,無,無,無,無,無,無,無,
大江戸線 両国,2022/1/31,1300015,131075,東京都,墨田区,横網一丁目4番29号,03-3624-4070,https://www.kotsu.metro.tokyo.jp/subway/stations/ryogoku.html,35.790289,139.65405,無,,無,,有,3,,,,無,無,無,,,,,,,,,,,,,,,,,,,,,,,,,,,,,,無,無,,無,,有,有,有,有,有,有,1,B1F,有,1,B1F,有,無,有,無,,無,,無,,有,,無,,有,,無,,無,,無,,無,,無,,無,,無,,無,,有,1,無,,無,,有,始発〜終車まで,無,無,無,無,有,有,無,
JR 錦糸町駅,2022/12/12,1300022,131075,東京都,墨田区,江東橋3丁目,,https://www.jreast.co.jp/estation/barrier-free/,35.69132917,139.6995728,無,,無,,有,,,,,無,無,無,,,,,,,,,,,,,,,,,,,,,,,,,,,,,,無,無,,無,,無,無,無,無,無,有,1,1F,有,1,1F,有,無,無,無,,無,,無,,無,,無,,無,,無,,無,,無,,無,,無,,無,,無,,無,,有,有,無,,無,,無,,無,無,無,無,無,無,無,
JR 亀戸駅,2022/12/12,1360071,131083,東京都,江東区,亀戸5丁目,,https://www.jreast.co.jp/estation/barrier-free/,35.69132917,139.6995728,無,,無,,有,,,,,無,無,無,,,,,,,,,,,,,,,,,,,,,,,,,,,,,,無,無,,無,,無,無,無,無,無,有,1,1F,有,1,1F,有,無,無,無,,無,,無,,無,,無,,無,,無,,無,,無,,無,,無,,無,,無,,無,,有,有,無,,無,,無,,無,無,無,無,無,無,無,
JR 平井駅,2022/12/12,1320035,131237,東京都,江戸川区,平井3丁目30番1号,,https://www.jreast.co.jp/estation/barrier-free/,35.69132917,139.6995728,無,,無,,有,,,,,無,無,無,,,,,,,,,,,,,,,,,,,,,,,,,,,,,,無,無,,無,,無,無,無,無,無,有,1,1F,有,1,1F,有,無,無,無,,無,,無,,無,,無,,無,,無,,無,,無,,無,,無,,無,,無,,無,,有,有,無,,無,,無,,無,無,無,無,無,無,無,
JR 新小岩駅,2022/12/12,1240024,131229,東京都,葛飾区,新小岩1丁目,,https://www.jreast.co.jp/estation/barrier-free/f,35.69153,139.737588,無,,無,,有,,,,,無,無,無,,,,,,,,,,,,,,,,,,,,,,,,,,,,,,無,無,,無,,無,無,無,無,無,有,1,1F,有,1,1F,有,無,無,無,,無,,無,,無,,無,,無,,無,,無,,無,,無,,無,,無,,無,,無,,有,有,無,,無,,無,,無,無,無,無,無,無,無,
JR 小岩駅,2022/12/12,1330056,131237,東京都,江戸川区,南小岩7丁目24番16号,,https://www.jreast.co.jp/estation/barrier-free/,35.69132917,139.6995728,無,,無,,有,,,,,無,無,無,,,,,,,,,,,,,,,,,,,,,,,,,,,,,,無,無,,無,,無,無,無,無,無,有,1,1F,有,1,1F,有,無,無,無,,無,,無,,無,,無,,無,,無,,無,,無,,無,,無,,無,,無,,無,,有,有,無,,無,,無,,無,無,無,無,無,無,無,
JR 潮見駅,2022/12/12,1350052,131083,東京都,江東区,潮見2丁目,,https://www.jreast.co.jp/estation/barrier-free/,35.69132917,139.6995728,無,,無,,有,,,,,無,無,無,,,,,,,,,,,,,,,,,,,,,,,,,,,,,,無,無,,無,,無,無,無,無,無,有,1,1F,有,1,1F,有,無,無,無,,無,,無,,無,,無,,無,,無,,無,,無,,無,,無,,無,,無,,無,,有,有,無,,無,,無,,無,無,無,無,無,無,無,
JR 新宿駅,2022/12/12,1600022,131041,東京都,新宿区,新宿3丁目,,https://www.jreast.co.jp/estation/barrier-free/,35.69132917,139.6995728,無,,無,,有,,,,,無,無,無,,,,,,,,,,,,,,,,,,,,,,,,,,,,,,無,無,,無,,無,無,無,無,無,有,4,B1F,有,4,B1F,有,有,無,無,,無,,無,,無,,無,,無,,無,,無,,無,,無,,無,,無,,無,,無,,有,有,無,,無,,無,,無,無,無,無,無,無,無,
東京メトロ 新宿駅,2021/1/28,1600023,131041,東京都,新宿区,西新宿1-西口地下街1,03-3342-5094,https://www.tokyometro.jp/station/shinjuku/,35.695607,139.775115,無,,無,,有,1,11,,,有,有,有,,,,,,,,,,,,,,,,,,,,,,,,,,,,,,無,無,,無,,有,無,無,無,無,有,2,B1F,有,2,B1F,有,無,無,無,,無,,無,,有,,無,,無,,無,,無,,無,,無,,無,,無,,無,,無,,有,,無,,無,,有,常時対応,無,無,無,無,有,有,無,
大江戸線 新宿,2022/1/31,1510053,131130,東京都,渋谷区,代々木二丁目1番1号,03-3299-7210,https://www.kotsu.metro.tokyo.jp/subway/stations/shinjuku.html,35.69193,139.783006,無,,無,,有,2,,,,無,無,無,,,,,,,,,,,,,,,,,,,,,,,,,,,,,,無,無,,無,,有,有,有,有,有,有,1,B4F,有,3,B4F,有,無,有,無,,無,,無,,有,,無,,有,,無,,無,,無,,無,,無,,無,,無,,無,,有,1,無,,無,,有,始発〜終車まで,無,無,無,無,有,有,無,
京王 新宿駅,2021/1/27,1600023,131041,東京都,新宿区,西新宿1-1-4,03-3342-1783,https://www.keio.co.jp/train/station/index.html,35.688601,139.787725,無,,無,,有,1,11,142,84,有,有,有,1,20,247,110,,,,,,,,,,,,,,,,,,,,,,,,,,無,無,,無,,有,有,有,有,無,無,1,B2F,有,1,B2,有,無,有,無,,無,,無,,有,7,無,,無,,無,,無,,無,,無,,無,,無,,無,,無,,有,1,無,,無,,有,始発〜終電,無,無,無,無,有,有,無,
小田急 新宿駅,2020/2/27,1600023,131041,東京都,新宿区,西新宿1-1-3,03-3342-5988,https://www.odakyu.jp/,35.687982,139.796623,無,,無,,有,2,11,142,85,有,有,無,1,9,160,78,,,,,,,,,,,,,,,,,,,,,,,,,,無,無,,無,,有,有,無,有,有,有,4,"B1F,2F",有,4,"B1F,2F",有,無,有,無,,無,,無,,無,,無,,無,,無,,無,,無,,無,,無,,無,,無,,無,,無,,無,,無,,有,始発〜終電,無,無,無,無,有,有,有,"駅改良工事を実施中のため、記載情報と異なる場合がございます。 ホームドアは4,5,8,9番線に設置済み。"
西武鉄道　西武新宿駅,2022/2/4,1600021,131041,東京都,新宿区,歌舞伎町1-30-1,03-3209-4285,,35.688399,139.806057,無,,無,,有,1,15,130,98,有,有,有,1,15,130,98,,,,,,,,,,,,,,,,,,,,,,,,,,無,無,,無,,有,有,無,有,有,無,1,2F,有,1,2F,有,無,無,無,,無,,無,,有,あり,無,,無,,無,,無,,無,,無,,無,,無,,無,,無,,有,あり,無,,無,,有,始発〜終電,無,無,無,有,有,有,無,ホームドアは全ホームに設置済。
東京メトロ 銀座駅,2021/1/28,1040061,131024,東京都,中央区,  銀座4-1-2,03-3561-4478,https://www.tokyometro.jp/station/ginza/,35.68904,139.815723,無,,無,,有,5,11,,,有,有,有,,,,,,,,,,,,,,,,,,,,,,,,,,,,,,無,無,,無,,有,無,無,無,無,有,2,"B2F,B1F",有,3,"B2F,B1F",有,無,無,無,,無,,無,,有,,無,,無,,無,,無,,無,,無,,無,,無,,無,,無,,有,,無,,無,,有,常時対応,無,無,無,無,有,有,無,
JR 有楽町駅,2022/12/12,1000006,131016,東京都,千代田区,有楽町2丁目,,https://www.jreast.co.jp/estation/barrier-free/,35.69132917,139.6995728,無,,無,,有,,,,,無,無,無,,,,,,,,,,,,,,,,,,,,,,,,,,,,,,無,無,,無,,無,無,無,無,無,有,1,1F,有,1,1F,有,無,無,無,,無,,無,,無,,無,,無,,無,,無,,無,,無,,無,,無,,無,,無,,有,有,無,,無,,無,,無,無,無,無,無,無,無,
東京メトロ 有楽町駅,2021/1/28,1000006,131016,東京都,千代田区,有楽町1-11-1,03-3211-5671,https://www.tokyometro.jp/station/yurakucho/,35.689752,139.834705,無,,無,,有,3,11,,,有,有,有,,,,,,,,,,,,,,,,,,,,,,,,,,,,,,無,無,,無,,有,無,無,無,無,有,1,B1F,有,1,B1F,有,無,無,無,,無,,無,,有,,無,,無,,無,,無,,無,,無,,無,,無,,無,,無,,有,,無,,無,,有,常時対応,無,無,無,無,有,有,無,
東京メトロ 浅草駅,2021/1/28,1110032,131067,東京都,台東区,浅草1-1-3,03-3841-2052,https://www.tokyometro.jp/station/asakusa/,35.689959,139.847255,無,,無,,有,3,11,,,有,有,有,,,,,,,,,,,,,,,,,,,,,,,,,,,,,,無,無,,無,,有,無,無,無,無,有,1,B2F,有,1,B2F,有,有,無,無,,無,,無,,有,,無,,無,,無,,無,,無,,無,,無,,無,,無,,無,,有,,無,,無,,有,常時対応,無,無,無,無,有,有,無,
浅草線　浅草,2022/1/31,1110043,131067,東京都,台東区,駒形一丁目12番14号,03-3844-4689,https://www.kotsu.metro.tokyo.jp/subway/stations/asakusa.html,35.68376,139.863955,無,,無,,有,3,,,,無,無,無,,,,,,,,,,,,,,,,,,,,,,,,,,,,,,無,無,,無,,有,有,有,有,有,有,1,B1F,有,1,B1F,有,無,有,無,,無,,無,,有,,無,,有,,無,,無,,無,,無,,無,,無,,無,,無,,有,1,無,,無,,有,始発〜終車まで,無,無,無,無,有,無,無,
東武 浅草駅,2020/2/8,1110033,131067,東京都,台東区,花川戸1-4-1,03-3841-0603,https://railway.tobu.co.jp/guide/station/info/1102.html,35.685987,139.882586,無,,無,,有,1,11,198,88,有,有,有,,,,,,,,,,,,,,,,,,,,,,,,,,,,,,無,無,,無,,有,有,有,有,有,無,1,2F,有,1,2F,有,無,無,無,,無,,無,,有,3,無,,無,,無,,無,,無,,無,,無,,無,,無,,無,,有,1,無,,無,,有,営業時間内,無,無,無,無,有,無,無,
JR 渋谷駅,2022/12/12,1500043,131130,東京都,渋谷区,道玄坂1丁目,,https://www.jreast.co.jp/estation/barrier-free/,35.69132917,139.6995728,無,,無,,有,,,,,無,無,無,,,,,,,,,,,,,,,,,,,,,,,,,,,,,,無,無,,無,,無,無,無,無,無,有,2,"1F,2F",有,2,"1F,2F",有,無,無,無,,無,,無,,無,,無,,無,,無,,無,,無,,無,,無,,無,,無,,無,,有,有,無,,無,,無,,無,無,無,無,無,無,無,
東京メトロ 渋谷駅（銀座線）,2021/1/28,1500002,131130,東京都,渋谷区,渋谷2-21-1,03-3400-8481,https://www.tokyometro.jp/station/shibuya/,35.706022,139.903796,無,,無,,有,1,20,,,有,有,有,,,,,,,,,,,,,,,,,,,,,,,,,,,,,,無,無,,無,,有,無,無,無,無,有,1,2F,有,1,2F,有,無,無,無,,無,,無,,有,,無,,無,,無,,無,,無,,無,,無,,無,,無,,無,,有,,無,,無,,有,常時対応,無,無,無,無,有,有,無,
京王 渋谷駅,2021/1/27,1500043,131130,東京都,渋谷区,道玄坂1-4-1,03-3462-2658,https://www.keio.co.jp/train/station/index.html,35.688601,139.787725,無,,無,,無,,,,,無,無,無,,,,,,,,,,,,,,,,,,,,,,,,,,,,,,無,無,,無,,有,有,有,有,有,無,2,2F,有,2,2F,有,無,有,無,,無,,無,,有,2,無,,無,,無,,無,,無,,無,,無,,無,,無,,無,,有,2,無,,無,,有,始発〜終電,無,無,無,無,有,有,無,
JR 秋葉原駅,2022/12/12,1010021,131016,東京都,千代田区,外神田1丁目,,https://www.jreast.co.jp/estation/barrier-free/,35.69132917,139.6995728,無,,無,,有,,,,,無,無,無,,,,,,,,,,,,,,,,,,,,,,,,,,,,,,無,無,,無,,無,無,無,無,無,有,1,1F,有,1,1F,有,無,無,無,,無,,無,,無,,無,,無,,無,,無,,無,,無,,無,,無,,無,,無,,有,有,無,,無,,無,,無,無,無,無,無,無,無,
東京メトロ 秋葉原駅,2021/1/28,1010025,131016,東京都,千代田区,神田佐久間町1-21,,https://www.tokyometro.jp/station/akihabara/,35.697957,139.707434,無,,無,,有,3,11,,,有,有,有,,,,,,,,,,,,,,,,,,,,,,,,,,,,,,無,無,,無,,有,無,無,無,無,有,1,B1F,有,1,B1F,有,無,無,無,,無,,無,,有,,無,,無,,無,,無,,無,,無,,無,,無,,無,,無,,有,,無,,無,,有,常時対応,無,無,無,無,有,無,無,
つくばエクスプレス 秋葉原駅,2020/2/12,1010025,131016,東京都,千代田区,神田佐久間町1-6-10,03-5298-1300,http://www.mir.co.jp,35.699188,139.718043,無,,無,,有,1,18,200,100,有,有,有,1,30,195,140,,,,1,18,200,100,,,,,,,,,,,,,,,,,,,無,無,,無,,有,有,有,有,有,無,2,B1F,有,2,B1,有,無,無,無,,無,,無,,有,3,無,,無,,無,,無,,無,,無,,有,3,無,,無,,無,,有,4,無,,無,,有,始発〜終電,無,無,無,無,有,有,無,
東京メトロ 大手町駅,2021/1/28,1000004,131016,東京都,千代田区,丸ノ内線・千代田線・半蔵門線：大手町1-6-1/東西線：大手町2-1-1,03-3216-5440,https://www.tokyometro.jp/station/otemachi/,35.699501,139.72504,無,,無,,有,8,11,,,有,有,有,,,,,,,,,,,,,,,,,,,,,,,,,,,,,,無,無,,無,,有,無,無,無,無,有,7,"B3F,B2F,B1F",有,7,"B3F,B2F,B1F",有,有,無,無,,無,,無,,有,,無,,無,,無,,無,,無,,無,,無,,無,,無,,無,,有,,無,,無,,有,常時対応,無,無,無,無,有,有,有,
三田線 大手町,2022/1/31,1000005,131016,東京都,千代田区,丸の内一丁目3番1号先,03-3211-1962,https://www.kotsu.metro.tokyo.jp/subway/stations/otemachi.html,35.700911,139.735894,無,,無,,有,1,,,,無,無,無,,,,,,,,,,,,,,,,,,,,,,,,,,,,,,無,無,,無,,有,有,有,有,有,有,1,B1F,有,1,B1F,有,無,有,無,,無,,無,,有,,無,,有,,無,,無,,無,,無,,無,,無,,無,,無,,有,2,無,,無,,有,始発〜終車まで,無,無,無,無,有,有,無,
JR 上野駅,2022/12/12,1100005,131067,東京都,台東区,上野7丁目,,https://www.jreast.co.jp/estation/barrier-free/,35.69132917,139.6995728,無,,無,,有,,,,,無,無,無,,,,,,,,,,,,,,,,,,,,,,,,,,,,,,無,無,,無,,無,無,無,無,無,有,2,1F,有,2,1F,有,無,無,無,,無,,無,,無,,無,,無,,無,,無,,無,,無,,無,,無,,無,,無,,有,有,無,,無,,無,,無,無,無,無,無,無,有,
東京メトロ 上野駅,2021/1/28,1100015,131067,東京都,台東区,東上野3-19-6,03-3832-6629,https://www.tokyometro.jp/station/ueno/,35.708493,139.752487,無,,無,,有,7,11,,,有,有,有,,,,,,,,,,,,,,,,,,,,,,,,,,,,,,無,無,,無,,有,無,無,無,無,有,2,B1F,有,2,B1F,有,無,無,無,,無,,無,,有,,無,,無,,無,,無,,無,,無,,無,,無,,無,,無,,有,,無,,無,,有,常時対応,無,無,無,無,有,有,有,
東京メトロ 明治神宮前＜原宿＞,2021/1/28,1500001,131130,東京都,渋谷区,千代田線：神宮前1-18-22/副都心線：神宮前6-30-4,03-3402-5008,https://www.tokyometro.jp/station/meiji-jingumae/,35.70751,139.760524,無,,無,,有,2,11,,,有,有,有,1,20,,,,,,,,,,,,,,,,,,,,,,,,,,,,無,無,,無,,有,無,無,無,無,有,4,"B4F,B2F,B1F",有,4,"B4F,B2F,B1F",有,無,無,無,,無,,無,,有,,無,,無,,無,,無,,無,,無,,無,,無,,無,,無,,有,,無,,無,,有,常時対応,無,無,無,無,有,有,無,
東京メトロ 表参道駅,2021/1/28,1070061,131032,東京都,港区,北青山3-6-12,03-3401-2554,https://www.tokyometro.jp/station/omote-sando/,35.707949,139.773351,無,,無,,有,4,11,,,有,有,有,,,,,,,,,,,,,,,,,,,,,,,,,,,,,,無,無,,無,,有,無,無,無,無,有,2,"B2F,B1F",有,1,B1F,有,無,無,無,,無,,無,,有,,無,,無,,無,,無,,無,,無,,無,,無,,無,,無,,有,,無,,無,,有,常時対応,無,無,無,無,有,有,無,
東京メトロ 青山一丁目駅,2021/1/28,1070062,131032,東京都,港区, 南青山1-1-19,03-3401-2076,https://www.tokyometro.jp/station/aoyama-itchome/,35.707009,139.782166,無,,無,,有,3,11,,,有,有,有,2,20,,,,,,,,,,,,,,,,,,,,,,,,,,,,無,無,,無,,有,無,無,無,無,有,1,B1F,有,1,B1F,有,無,無,無,,無,,無,,有,,無,,無,,無,,無,,無,,無,,無,,無,,無,,無,,有,,無,,無,,有,常時対応,無,無,無,無,有,有,無,
大江戸線 青山一丁目,2022/1/31,1070061,131032,東京都,港区,北青山1-2-4,03-3478-6763,https://www.kotsu.metro.tokyo.jp/subway/stations/aoyama-itchome.html,35.705587,139.792244,無,,無,,有,5,,,,無,無,無,,,,,,,,,,,,,,,,,,,,,,,,,,,,,,無,無,,無,,有,有,有,有,有,有,2,B1F,有,2,B1F,有,有,有,無,,無,,無,,有,,無,,有,,無,,無,,無,,無,,無,,無,,無,,無,,有,3,無,,無,,有,始発〜終車まで,無,無,無,無,有,有,無,
東京メトロ 外苑前駅,2021/1/28,1070061,131032,東京都,港区, 北青山 2-7-16,03-3401-0966,https://www.tokyometro.jp/station/gaiemmae/,35.696807,139.797469,無,,無,,有,5,11,,,有,有,有,1,20,,1,,,,,,,,,,,,,,,,,,,,,,,,,,無,無,,無,,有,無,無,無,無,有,1,B1F,有,1,B1F,有,有,無,無,,無,,無,,有,,無,,無,,無,,無,,無,,無,,無,,無,,無,,無,,有,1,無,,無,,有,常時対応,無,無,無,無,有,有,無,
東京臨海高速鉄道 東京テレポート駅,2022/2/3,1350064,131083,東京都,江東区,青海1-2-1,03-3527-6760,https://www.twr.co.jp/route/tabid/112/Default.aspx,35.687926,139.798251,無,,無,,有,1,20,220,90,有,有,有,1,11,150,90,,,,2,18,200,90,,,,,,,,,,,,,,,,,,,無,無,,無,,有,有,無,有,有,有,2,B1F,有,2,B1F,有,無,無,無,,無,,無,,有,1,無,,無,,無,,無,,無,,無,,無,,無,,無,,無,,有,4,無,,無,,有,終日,無,無,無,無,有,有,無,
東京臨海高速鉄道 国際展示場駅,2022/2/3,1350063,131083,東京都,江東区,有明3-7-3,03-3527-6760,https://www.twr.co.jp/route/tabid/110/Default.aspx,35.682355,139.798758,無,,無,,有,1,20,90,220,有,有,有,,,,,,,,,,,,,,,,,,,,,,,,,,,,,,無,無,,無,,有,有,無,有,有,有,2,1F,有,2,1F,有,無,無,無,,無,,無,,有,1,無,,無,,無,,無,,無,,無,,無,,無,,無,,無,,有,6,無,,無,,有,終日,無,無,無,無,有,有,無,
JR 新木場駅,2022/12/12,1360082,131083,東京都,江東区,新木場1丁目,,https://www.jreast.co.jp/estation/barrier-free/,35.69132917,139.6995728,無,,無,,有,,,,,無,無,無,,,,,,,,,,,,,,,,,,,,,,,,,,,,,,無,無,,無,,無,無,無,無,無,有,1,3F,有,1,3F,有,無,無,無,,無,,無,,無,,無,,無,,無,,無,,無,,無,,無,,無,,無,,無,,有,有,無,,無,,無,,無,無,無,無,無,無,無,
東京メトロ 新木場駅,2021/1/28,1360082,131083,東京都,江東区,新木場1-6先,03-3521-4971,https://www.tokyometro.jp/station/shin-kiba/,35.663757,139.783912,無,,無,,有,2,11,,,有,有,有,,,,,,,,,,,,,,,,,,,,,,,,,,,,,,無,無,,無,,有,無,無,無,無,有,1,3F,有,1,3F,有,無,無,無,,無,,無,,有,,無,,無,,無,,無,,無,,無,,無,,無,,無,,無,,有,,無,,無,,有,常時対応,無,無,無,無,有,有,無,
東京臨海高速鉄道 新木場駅,2022/2/3,1360082,131083,東京都,江東区,新木場1-6,03-3527-6760,https://www.twr.co.jp/route/tabid/106/Default.aspx,35.658934,139.777138,無,,無,,有,1,11,190,90,有,有,有,,,,,,,,,,,,,,,,,,,,,,,,,,,,,,無,無,,無,,有,有,無,有,有,有,2,3F,有,2,3F,有,無,無,無,,無,,無,,有,1,無,,無,,無,,無,,無,,無,,無,,無,,無,,無,,有,2,無,,無,,有,終日,無,無,無,無,有,無,無,
東京メトロ 辰巳駅,2021/1/28,1350053,131083,東京都,江東区,辰巳1-1-44,03-3521-4976,https://www.tokyometro.jp/station/tatsumi/,35.664919,139.766929,無,,無,,有,2,11,,,有,有,有,2,20,,,,,,,,,,,,,,,,,,,,,,,,,,,,無,無,,無,,有,無,無,無,無,有,1,B2F,有,1,B1F,有,無,無,無,,無,,無,,有,,無,,無,,無,,無,,無,,無,,無,,無,,無,,無,,有,,無,,無,,有,常時対応,無,無,無,無,有,有,有,
東京メトロ 赤坂駅,2021/1/28,1070052,131032,東京都,港区,赤坂5-4-5,03-3586-3141,https://www.tokyometro.jp/station/akasaka/,35.663193,139.760225,無,,無,,有,1,11,,,有,有,有,,,,,,,,,,,,,,,,,,,,,,,,,,,,,,無,無,,無,,有,無,無,無,無,有,2,B1F,有,2,B1F,有,無,無,無,,無,,無,,有,,無,,無,,無,,無,,無,,無,,無,,無,,無,,無,,有,2,無,,無,,有,常時対応,無,無,無,無,有,有,無,
東京メトロ 六本木駅,2021/1/28,1060032,131032,東京都,港区,六本木6-1-25,,https://www.tokyometro.jp/station/roppongi/,35.656671,139.755696,無,,無,,有,2,11,,,有,有,有,3,20,,,,,,,,,,,,,,,,,,,,,,,,,,,,無,無,,無,,有,無,無,無,無,有,2,B2F,有,2,B2F,有,有,無,無,,無,,無,,有,,無,,無,,無,,無,,無,,無,,無,,無,,無,,無,,有,,無,,無,,有,常時対応,無,無,無,無,有,無,無,
大江戸線 六本木,2022/1/31,1070052,131032,東京都,港区,赤坂九丁目7番39号,03-3470-3318,https://www.kotsu.metro.tokyo.jp/subway/stations/roppongi.html,35.654985,139.743989,無,,無,,有,3,,,,無,無,無,,,,,,,,,,,,,,,,,,,,,,,,,,,,,,無,無,,無,,有,有,有,有,有,有,2,B1F,有,2,B1F,有,無,有,無,,無,,無,,有,,無,,有,,無,,無,,無,,無,,無,,無,,無,,無,,有,3,無,,無,,有,始発〜終車まで,無,無,無,無,有,有,無,
東京メトロ 赤坂見附駅,2021/1/28,1070052,131032,東京都,港区,赤坂3-1-6,03-3583-2739,https://www.tokyometro.jp/station/akasaka-mitsuke/,35.656448,139.73633,無,,無,,有,3,11,,,有,有,有,,,,,,,,,,,,,,,,,,,,,,,,,,,,,,無,無,,無,,有,無,無,無,無,有,2,"B3F,B1F",有,2,"B3F,B1F",有,無,無,無,,無,,無,,有,,無,,無,,無,,無,,無,,無,,無,,無,,無,,無,,有,,無,,無,,有,常時対応,無,無,無,無,有,有,無,
東京メトロ 六本木一丁目駅,2021/1/28,1060032,131032,東京都,港区,六本木1-4-1,03-3589-0309,https://www.tokyometro.jp/station/roppongi-itchome/,35.664106,139.731354,無,,無,,有,3,11,,,有,有,有,,,,,,,,,,,,,,,,,,,,,,,,,,,,,,無,無,,無,,有,無,無,無,無,有,1,B2F,有,1,B2F,有,無,無,無,,無,,無,,有,,無,,無,,無,,無,,無,,無,,無,,無,,無,,無,,有,,無,,無,,有,常時対応,無,無,無,無,有,有,無,
JR 池袋駅,2022/12/12,1710022,131164,東京都,豊島区,南池袋1丁目,,https://www.jreast.co.jp/estation/barrier-free/,35.69132917,139.6995728,無,,無,,有,,,,,無,無,無,,,,,,,,,,,,,,,,,,,,,,,,,,,,,,無,無,,無,,無,無,無,無,無,有,1,B1F,有,1,B1F,有,有,無,無,,無,,無,,無,,無,,無,,無,,無,,無,,無,,無,,無,,無,,無,,有,有,無,,無,,無,,無,無,無,無,無,無,無,
東京メトロ 池袋駅,2021/1/28,1710021,131164,東京都,豊島区,副都心線：西池袋3-28-14/丸ノ内線：南池袋1-28-1/有楽町線：西池袋1-12-1,03-3986-9681,https://www.tokyometro.jp/station/ikebukuro/,35.679896,139.714667,無,,無,,有,7,11,,,有,有,有,,,,,,,,,,,,,,,,,,,,,,,,,,,,,,無,無,,無,,有,無,無,無,無,有,3,"B2F,B1F",有,3,"B2F,B1F",有,無,無,無,,無,,無,,有,,無,,無,,無,,無,,無,,無,,無,,無,,無,,無,,有,,無,,無,,有,常時対応,無,無,無,無,有,有,無,
西武鉄道　池袋駅,2022/2/4,1710022,131164,東京都,豊島区,南池袋1-28-1,03-3984-1883,https://www.seiburailway.jp/,35.683505,139.701603,無,,無,,有,1,13,150,90,有,有,有,,,,,,,,,,,,,,,,,,,,,,,,,,,,,,無,無,,無,,有,有,有,有,無,有,1,B1F,有,1,B1F,有,無,無,無,,無,,無,,有,あり,無,,無,,無,,無,,無,,無,,無,,無,,無,,無,,有,あり,無,なし,無,,有,始発〜終電,無,無,無,有,有,有,有,ホームドアは２〜６番ホーム。
東武 池袋駅,2020/2/7,1710021,131164,東京都,豊島区,西池袋1-1-21,03-3984-0501,https://railway.tobu.co.jp/guide/station/info/7105.html,35.688462,139.699019,無,,無,,有,2,11,210,87,有,有,有,1,7,149,89,,,,,,,,,,,,,,,,,,,,,,,,,,無,無,,無,,有,有,有,有,無,無,1,1F,有,3,1F,有,無,無,無,,無,,無,,有,4,無,,有,4,無,,無,,無,,無,,有,4,無,,無,,無,,無,,無,,無,,有,平日4:50〜0:45、土日祝4:50〜0:35,無,無,無,無,有,有,無,ホームドア：1〜4番線あり
東京メトロ 築地駅,2021/1/28,1040045,131024,東京都,中央区,築地3-15-1,,https://www.tokyometro.jp/station/tsukiji/,35.690607,139.692677,無,,無,,有,2,11,,,有,有,有,1,20,,,,,,,,,,,,,,,,,,,,,,,,,,,,無,無,,無,,有,無,無,無,無,有,1,B1F,有,1,B1F,無,無,無,無,,無,,無,,有,,無,,無,,無,,無,,無,,無,,無,,無,,無,,無,,有,1,無,,無,,有,常時対応,無,無,無,無,有,無,無,
JR 品川駅,2022/12/12,1080074,131032,東京都,港区,高輪3丁目,,https://www.jreast.co.jp/estation/barrier-free/,35.69132917,139.6995728,無,,無,,有,,,,,無,無,無,,,,,,,,,,,,,,,,,,,,,,,,,,,,,,無,無,,無,,無,無,無,無,無,有,1,2F,有,1,2F,有,無,無,無,,無,,無,,無,,無,,無,,無,,無,,無,,無,,無,,無,,無,,無,,有,有,無,,無,,無,,無,無,無,無,無,無,有,
京急 品川駅,2021/1/19,1080074,131032,東京都,港区,高輪3-26-26,03-3441-2451,https://www.keikyu.co.jp/company/csr/barrierfree.html,35.697887,139.682899,無,,無,,有,1,11,143,90,有,有,有,1,11,137,90,,,,,,,,,,,,,,,,,,,,,,,,,高輪口,無,無,,無,,有,有,無,有,有,無,1,1F,有,1,1F,有,無,有,無,,無,,無,,有,2,無,,無,,無,,無,,無,,無,,有,2,無,,無,,無,,有,3,無,,無,,有,常時対応,無,無,有,有,有,無,無,
JR 吉祥寺駅,2022/12/12,1800003,132039,東京都,武蔵野市,吉祥寺南町1丁目,,https://www.jreast.co.jp/estation/barrier-free/,35.69132917,139.6995728,無,,無,,有,,,,,無,無,無,,,,,,,,,,,,,,,,,,,,,,,,,,,,,,無,無,,無,,無,無,無,無,無,有,1,2F,有,1,2F,有,無,無,無,,無,,無,,無,,無,,無,,無,,無,,無,,無,,無,,無,,無,,無,,有,有,無,,無,,無,,無,無,無,無,無,無,無,
京王 吉祥寺駅,2020/2/14,1800003,132039,東京都,武蔵野市,吉祥寺南町2-1-31,0422-43-5522,https://www.keio.co.jp/train/station/index.html,35.688601,139.787725,無,,無,,有,2,22,230,120,有,有,有,,,,,,,,,,,,,,,,,,,,,,,,,,,,,,無,無,,無,,有,有,有,有,有,無,1,3F,有,1,3F,有,無,有,無,,無,,無,,有,1,無,,無,,無,,無,,無,,無,,無,,無,,無,,無,,有,1,無,,無,,有,始発〜終電,無,無,無,無,有,有,無,
東京メトロ 押上〈スカイツリー前〉,2021/1/28,1310045,131075,東京都,墨田区,押上1-1-65,03-3621-4025,https://www.tokyometro.jp/station/oshiage/,35.723435,139.683389,無,,無,,有,4,11,,,有,有,有,,,,,,,,,,,,,,,,,,,,,,,,,,,,,,無,無,,無,,有,無,無,無,無,有,1,B2F,有,1,B2F,有,無,無,無,,無,,無,,有,,無,,無,,無,,無,,無,,無,,無,,無,,無,,無,,有,,無,,無,,有,常時対応,無,無,無,無,有,有,無,
浅草線　押上,,1310045,131075,東京都,墨田区,押上一丁目8番21号,03-3622-5872,https://www.kotsu.metro.tokyo.jp/subway/stations/oshiage.html,35.732579,139.670498,無,,無,,有,3,,,,無,無,無,,,,,,,,,,,,,,,,,,,,,,,,,,,,,,無,無,,無,,無,無,無,無,無,無,,,無,,,有,無,無,無,,無,,無,,無,,無,,無,,無,,無,,無,,無,,無,,無,,無,,無,,有,2,無,,無,,有,始発〜終車まで,無,無,無,無,有,無,無,
京王 高尾山口駅,2021/1/27,1930844,132012,東京都,八王子市,高尾町2241,042-661-6825,https://www.keio.co.jp/train/station/index.html,35.688601,139.787725,無,,無,,有,1,11,141,85,有,有,有,,,,,,,,,,,,,,,,,,,,,,,,,,,,,,無,無,,無,,有,有,有,有,有,無,1,1F,有,1,1F,有,無,有,無,,無,,無,,有,1,無,,無,,無,,無,,無,,無,,無,,無,,無,,無,,有,1,無,,無,,有,始発〜終電,無,無,無,無,有,無,無,
JR 蒲田駅,2022/12/12,1440052,131113,東京都,大田区,蒲田5丁目,,https://www.jreast.co.jp/estation/barrier-free/,35.69132917,139.6995728,無,,無,,有,,,,,無,無,無,,,,,,,,,,,,,,,,,,,,,,,,,,,,,,無,無,,無,,無,無,無,無,無,有,1,2F,有,1,2F,有,無,無,無,,無,,無,,無,,無,,無,,無,,無,,無,,無,,無,,無,,無,,無,,有,有,無,,無,,無,,無,無,無,無,無,無,無,
京急 蒲田駅,2021/1/19,1440052,131113,東京都,大田区,蒲田4-50-10,03-3731-2928,https://www.keikyu.co.jp/company/csr/barrierfree.html,35.697887,139.682899,無,,無,,有,1,11,142,90,有,有,有,1,18,207,91,,,,,,,,,,,,,,,,,,,,,,,,,,無,無,,無,,有,有,無,有,有,無,1,M2F,有,1,M2F,有,無,有,無,,無,,無,,有,1,無,,無,,無,,無,,無,,無,,有,1,無,,無,,無,,有,3,無,,無,,有,常時対応,無,無,有,有,有,有,無,
御岳登山鉄道 滝本駅,2022/1/25,1980174,132055,東京都,青梅市,御岳2-483,0428-78-8121,https://www.mitaketozan.co.jp/,35.758527,139.628901,有,136,有,1,無,,,,,無,無,無,,,,,,,,,,,,,,,,,,,,,,,,,,,,,,無,無,,無,,有,有,有,有,無,有,1,1F,有,1,1F,無,無,無,無,,無,,無,,有,1,無,,無,,無,,無,,無,,無,,有,2,無,,無,,無,,有,1,無,,無,,有,7:30〜18:30,無,無,無,無,無,無,無,
御岳登山鉄道 御岳山駅,2022/1/25,1980175,132055,東京都,青梅市,御岳山17,0428-78-8121,https://www.mitaketozan.co.jp/,35.758527,139.628901,無,,無,,無,,,,,無,無,無,,,,,,,,,,,,,,,,,,,,,,,,,,,,,,無,無,,無,,有,有,無,有,無,無,,,無,,,無,有,無,無,,無,,無,,有,1,無,,無,,無,,無,,無,,無,,無,,無,,無,,無,,無,,無,,無,,有,7:30〜18:30,無,無,無,無,無,無,無,
東京メトロ 九段下駅,2021/1/28,1020074,131016,東京都,千代田区,九段南1-6-1,03-3261-2090,https://www.tokyometro.jp/station/kudanshita/,35.6749187,139.7606312,無,,無,,有,5,11,,,有,有,有,1,20,,,,,,,,,,,,,,,,,,,,,,,,,,,,無,無,,無,,有,無,無,無,無,有,1,B2F,有,1,B2F,有,有,無,無,,無,,無,,有,,無,,無,,無,,無,,無,,無,,無,,無,,無,,無,,有,,無,,無,,有,常時対応,無,無,無,無,有,有,無,
新宿線 九段下,2022/1/31,1020073,131016,東京都,千代田区,九段北一丁目13番19号,03-3234-7621,https://www.kotsu.metro.tokyo.jp/subway/stations/kudanshita.html,"35.666379,139",139.7561511,無,,無,,有,4,,,,無,無,無,,,,,,,,,,,,,,,,,,,,,,,,,,,,,,無,無,,無,,有,有,有,有,有,有,1,B2F,有,2,B2F,有,有,有,無,,無,,無,,有,,無,,有,,無,,無,,無,,無,,無,,無,,無,,無,,無,2,無,,無,,有,始発〜終車まで,無,無,無,無,有,有,無,車いす対応エスカレーター有（階段昇降機）。
小田急 成城学園前駅,2020/2/27,1570066,131121,東京都,世田谷区,成城6-5-34,03-3483-1624,https://www.odakyu.jp/,35.687982,139.796623,無,,無,,有,2,22,243,108,有,有,無,,,,,,,,,,,,,,,,,,,,,,,,,,,,,,無,無,,無,,有,有,無,有,有,有,1,1F,有,1,1F,有,無,有,無,,無,,無,,無,,無,,無,,無,,無,,無,,無,,無,,無,,無,,無,,無,,無,,無,,有,始発〜終電,無,無,無,無,有,無,無,
京王 飛田給駅,2021/1/27,1820036,132080,東京都,調布市,飛田給1-42-11,042-486-2877,https://www.keio.co.jp/train/station/index.html,35.688601,139.787725,無,,無,,有,1,15,250,90,有,有,有,4,11,143,86,,,,1,20,,,,,,,,,,,,,,,,,,,,,無,無,,無,,有,有,有,有,有,無,1,2F,有,3,2F,有,無,有,無,,無,,無,,有,1,無,,無,,無,,無,,無,,無,,無,,無,,無,,無,,有,1,無,,無,,有,始発〜終電,無,無,無,無,有,有,無,
JR 東京駅,2022/12/12,1000005,131016,東京都,千代田区,丸の内1丁目9番1号,,https://www.jreast.co.jp/estation/barrier-free/,35.69132917,139.6995728,無,,無,,有,,,,,無,無,無,,,,,,,,,,,,,,,,,,,,,,,,,,,,,,無,無,,無,,無,無,無,無,無,有,11,"1F,B1F,B3F",有,11,"1F,B1F,B3F",有,無,無,無,,無,,無,,無,,無,,無,,無,,無,,無,,無,,無,,無,,無,,無,,有,有,無,,無,,無,,無,無,無,無,無,無,有,
東京メトロ　東京駅,2021/1/28,1000005,131016,東京都,千代田区,丸の内1-6-5,03-3231-5652,https://www.tokyometro.jp/station/tokyo/,35.6076153,139.7324705,無,,無,,有,1,11,,,有,有,有,,,,,,,,,,,,,,,,,,,,,,,,,,,,,,無,無,,無,,有,無,無,無,無,有,1,B1F,有,1,B1F,有,無,無,無,,無,,無,,有,,無,,無,,無,,無,,無,,無,,無,,無,,無,,無,,有,,無,,無,,有,常時対応,無,無,無,無,有,有,無,
西武鉄道　多磨駅,2022/2/4,1830004,132063,東京都,府中市,紅葉丘3-42-2,042-369-2010,https://www.seiburailway.jp/,35.683505,139.701603,無,,無,,有,1,17,220,100,有,有,有,,,,,,,,,,,,,,,,,,,,,,,,,,,,,,無,無,,無,,有,有,有,有,有,有,1,2F,有,1,2F,有,無,無,無,,無,,無,,有,あり,無,,無,,無,,無,,無,,無,,無,,無,,無,,無,,有,あり,無,,無,,有,始発〜終電,無,無,無,有,有,無,無,
ゆりかもめ お台場海浜公園駅,2022/2/3,1350091,131032,東京都,港区,台場2-3,,https://www.yurikamome.co.jp/station-timetable/u-06.html,35.5624794,139.7138844,無,,無,,有,1,11,158,80,有,有,有,,,,,,,,,,,,,,,,,,,,,,,,,,,,,,無,無,,無,,有,有,無,有,有,有,1,2F,有,3,2F,有,無,無,無,,無,,無,,有,1,無,,無,,無,,無,,無,,無,,無,,無,,無,,無,,有,3,無,,無,,有,営業時間内,無,無,無,無,有,有,無,
ゆりかもめ 台場駅,2022/2/3,1350091,131032,東京都,港区,台場2-6,,https://www.yurikamome.co.jp/station-timetable/u-07.html,35.6918216,139.7687431,無,,無,,有,1,11,158,80,有,有,有,,,,,,,,,,,,,,,,,,,,,,,,,,,,,,無,無,,無,,有,有,無,有,有,有,1,2F,有,3,2F,有,無,無,無,,無,,無,,有,1,無,,無,,無,,無,,無,,無,,無,,無,,無,,無,,有,3,無,,無,,有,営業時間内,無,無,無,無,有,有,無,
ゆりかもめ 東京ビッグサイト駅,2022/2/3,1350063,131083,東京都,江東区,有明3-6-15,,https://www.yurikamome.co.jp/station-timetable/u-11.html,35.7020484,139.7513129,無,,無,,有,1,11,158,80,有,有,有,,,,,,,,,,,,,,,,,,,,,,,,,,,,,,無,無,,無,,有,有,無,有,有,有,2,2F,有,5,2F,有,無,無,無,,無,,無,,有,1,無,,無,,無,,無,,無,,無,,無,,無,,無,,無,,有,5,無,,無,,有,営業時間内,無,無,無,無,有,有,無,
ゆりかもめ 新豊洲駅,2022/2/3,1350061,131083,東京都,江東区,豊洲6-2-20,,https://www.yurikamome.co.jp/station-timetable/u-15.html,35.7020837,139.7428345,無,,無,,有,1,11,183,90,有,有,有,2,11,135,90,,,,,,,,,,,,,,,,,,,,,,,,,,無,無,,無,,有,有,無,有,有,有,1,2F,有,3,2F,有,無,無,無,,無,,無,,有,1,無,,無,,無,,無,,無,,無,,無,,無,,無,,無,,有,3,無,,無,,有,営業時間内,無,無,無,無,有,有,無,
ゆりかもめ 有明テニスの森駅,2022/2/3,1350063,131083,東京都,江東区,有明1-8-14,,https://www.yurikamome.co.jp/station-timetable/u-13.html,35.6800602,139.7181312,無,,無,,有,1,11,183,90,有,有,有,2,11,135,90,,,,,,,,,,,,,,,,,,,,,,,,,,無,無,,無,,有,有,無,有,有,有,1,2F,有,3,2F,有,無,無,無,,無,,無,,有,1,無,,無,,無,,無,,無,,無,,無,,無,,無,,無,,有,3,無,,無,,有,営業時間内,無,無,無,無,有,有,無,
JR 新橋駅,2022/12/12,1050004,131032,東京都,港区,新橋2丁目,,https://www.jreast.co.jp/estation/barrier-free/,35.69132917,139.6995728,無,,無,,有,,,,,無,無,無,,,,,,,,,,,,,,,,,,,,,,,,,,,,,,無,無,,無,,無,無,無,無,無,有,2,1F,有,2,1F,有,無,無,無,,無,,無,,無,,無,,無,,無,,無,,無,,無,,無,,無,,無,,無,,有,有,無,,無,,無,,無,無,無,無,無,無,無,
浅草線　新橋,2022/1/31,1050004,131032,東京都,港区,新橋二丁目21番1号先,03-3571-1693,https://www.kotsu.metro.tokyo.jp/subway/stations/shimbashi.html,35.683033,139.6998668,無,,無,,有,2,,,,無,無,無,,,,,,,,,,,,,,,,,,,,,,,,,,,,,,無,無,,無,,有,有,有,有,有,有,1,B1F,有,3,B1F,有,有,有,無,,無,,無,,有,,無,,有,,無,,無,,無,,無,,無,,無,,無,,無,,有,2,無,,無,,有,始発〜終車まで,無,無,無,無,有,有,無,
ゆりかもめ 新橋駅,2022/2/3,1050021,131032,東京都,港区,東新橋1-1-11,,https://www.yurikamome.co.jp/station-timetable/u-01.html,35.7011585,139.6971348,無,,無,,有,2,11,135,90,有,有,有,1,11,135,90,,,,,,,,,,,,,,,,,,,,,,,,,,無,無,,無,,有,有,無,有,有,有,1,3F,有,5,3F,有,無,無,無,,無,,無,,有,2,無,,無,,無,,無,,無,,無,,無,,無,,無,,無,,有,3,無,,無,,有,営業時間内,無,無,無,無,有,有,無,
JR 浜松町駅,2022/12/12,1050022,131032,東京都,港区,海岸1丁目,,https://www.jreast.co.jp/estation/barrier-free/,35.69132917,139.6995728,無,,無,,有,,,,,無,無,無,,,,,,,,,,,,,,,,,,,,,,,,,,,,,,無,無,,無,,無,無,無,無,無,有,1,3F,有,1,3F,有,有,無,無,,無,,無,,無,,有,,無,,有,,無,,有,,無,,無,,有,,無,,無,,有,有,有,,無,,無,,無,無,有,有,無,無,無,
東京モノレール 浜松町駅,2020/2/21,1050013,131032,東京都,港区,浜松町2-4-12,,http://www.tokyo-monorail.co.jp/,35.7056019,139.6636129,無,,無,,有,1,9,160,89,有,有,有,1,11,196,89,,,,,,,,,,,,,,,,,,,,,,,,,,無,無,,無,,有,有,無,有,無,無,1,1F,有,1,1F,有,無,有,無,,無,,無,,無,,無,,有,2,無,,無,,無,,無,,無,,無,,無,,無,,有,2,無,,無,,有,営業時間内（始発5:00前〜終電0:30過ぎ）年中無休,無,無,無,無,有,有,無,
東京モノレール 大井競馬場前駅,2020/2/21,1400012,131091,東京都,品川区,勝島2-2-35,,http://www.tokyo-monorail.co.jp/,35.7056019,139.6636129,無,,無,,有,2,11,89,140,有,有,有,,,,,,,,,,,,,,,,,,,,,,,,,,,,,,無,無,,無,,有,有,無,有,無,無,1,2F,有,1,1F,有,有,有,無,,無,,無,,無,,無,,有,1,無,,無,,無,,無,,無,,無,,無,,無,,有,,無,,無,,有,営業時間内（始発5:20頃〜終電23:30頃）年中無休,無,無,無,無,有,有,無,
羽田空港第１ターミナル,2022/1/24,1440041,131113,東京都,大田区,羽田空港3-3-2,03-5757-8111,https://tokyo-haneda.com/,35.7048709,139.6333224,無,,無,,有,2,20,147,158,有,有,有,2,15,168,108,,,,2,24,222,99,,,,1,20,175,99,,,,1,20,204,108,,,,,無,無,,無,,有,有,有,有,有,有,19,"B1F,1F,2F,3F,4F,5F,6F",有,19,"B1F,1F,2F,3F,4F,5F,6F",有,無,無,無,,無,,有,1,有,4,無,,無,,無,,有,,無,,有,,有,18,無,,無,,無,,有,49,無,,有,手話対応可能スタッフのアサインに準ずる,有,案内カウンター営業時間に準ずる,無,無,無,無,無,無,有,各ターミナルに＜直結＞した駐車場有り
羽田空港第２ターミナル,2022/1/24,1440041,131113,東京都,大田区,羽田空港3-3-2,03-5757-8111,https://tokyo-haneda.com/,35.7048709,139.6333224,無,,無,,有,4,22,208,158,有,有,有,4,25,220,158,,,,2,23,250,88,,,,2,17,158,149,,,,2,44,265,230,,,,,無,無,,無,,有,有,有,有,有,有,18,"B1F,1F,2F,3F,4F,5F",有,18,"B1F,1F,2F,3F,4F,5F",有,無,無,無,,無,,無,,有,5,無,,無,,無,,有,,無,,有,,有,17,無,,無,,無,,有,29,無,,有,手話対応可能スタッフのアサインに準ずる,有,案内カウンター営業時間に準ずる,無,無,無,無,無,無,有,各ターミナルに＜直結＞した駐車場有り
羽田空港第３ターミナル,2022/1/26,1440041,131113,東京都,大田区,羽田空港2-6-5, 03-5757-8111,https://tokyo-haneda.com/,35.7048709,139.6333224,有,2910,有,52,有,4,40,324,160,有,有,有,6,29,273,160,,,,3,46,321,180,,,,,,,,,,,,,,,,,,,無,無,,無,,有,有,有,有,有,有,45,"1F,2F,3F,4F,5F",有,45,"1F,2F,3F,4F,5F",有,無,有,無,,無,,有,1,有,5,無,,無,,無,,無,,無,,有,278,有,294,無,,無,,有,,有,65,無,,有,状況により対応時間異なる,有,毎日24時間,無,無,無,無,無,無,有,ヒアリングループ：補聴器ご使用旅客用として設置有 多言語通訳機器の配布有
JR 田町駅,2022/12/12,1080014,131032,東京都,港区,芝5丁目,,https://www.jreast.co.jp/estation/barrier-free/,35.69132917,139.6995728,無,,無,,有,,,,,無,無,無,,,,,,,,,,,,,,,,,,,,,,,,,,,,,,無,無,,無,,無,無,無,無,無,有,2,2F,有,2,2F,有,無,無,無,,無,,無,,無,,無,,無,,無,,無,,無,,無,,無,,無,,無,,無,,有,有,無,,無,,無,,無,無,無,無,無,無,無,
JR 大井町駅,2022/12/12,1400014,131091,東京都,品川区,大井1丁目,,https://www.jreast.co.jp/estation/barrier-free/,35.69132917,139.6995728,無,,無,,有,,,,,無,無,無,,,,,,,,,,,,,,,,,,,,,,,,,,,,,,無,無,,無,,無,無,無,無,無,有,2,2F,有,2,2F,有,無,無,無,,無,,無,,無,,無,,無,,無,,無,,無,,無,,無,,無,,無,,無,,有,有,無,,無,,無,,無,無,無,無,無,無,無,
JR 大森駅,2022/12/12,1430016,131113,東京都,大田区,大森北1丁目,,https://www.jreast.co.jp/setsubi/pdf/barrier-free11-12.pdf,35.7141672,139.7752204,無,,無,,有,,,,,無,無,無,,,,,,,,,,,,,,,,,,,,,,,,,,,,,,無,無,,無,,無,無,無,無,無,有,1,2F,有,1,2F,有,無,無,無,,無,,無,,無,,無,,無,,無,,無,,無,,無,,無,,無,,無,,無,,有,有,無,,無,,無,,無,無,無,無,無,無,無,
JR 神田駅,2022/12/12,1010044,131016,東京都,千代田区,鍛冶町2丁目,,https://www.jreast.co.jp/estation/barrier-free/,35.69132917,139.6995728,無,,無,,有,,,,,無,無,無,,,,,,,,,,,,,,,,,,,,,,,,,,,,,,無,無,,無,,無,無,無,無,無,有,2,1F,有,2,1F,有,無,無,無,,無,,無,,無,,無,,無,,無,,無,,無,,無,,無,,無,,無,,無,,有,有,無,,無,,無,,無,無,無,無,無,無,無,
浅草線　西馬込,2022/12/12,1430026,131113,東京都,大田区,西馬込二丁目1番6号,03-3775-9611,https://www.kotsu.metro.tokyo.jp/subway/stations/nishi-magome.html,35.7281578,139.7684527,無,,無,,有,3,,,,無,無,無,,,,,,,,,,,,,,,,,,,,,,,,,,,,,,無,無,,無,,有,有,有,有,有,有,1,1F,有,1,1F,有,無,有,無,,無,,無,,有,,無,,有,,無,,無,,無,,無,,無,,無,,無,,無,,有,1,無,,無,,有,始発〜終電まで,無,無,無,無,有,無,無,
浅草線　馬込,2022/1/31,1430021,131113,東京都,大田区,北馬込二丁目31番9号,03-3773-4210,https://www.kotsu.metro.tokyo.jp/subway/stations/magome.html,35.7381577,139.7520606,無,,無,,有,2,,,,無,無,無,,,,,,,,,,,,,,,,,,,,,,,,,,,,,,無,無,,無,,有,有,有,有,有,有,1,B1F,有,1,B1F,有,無,有,無,,無,,無,,有,,無,,有,,無,,無,,無,,無,,無,,無,,無,,無,,有,1,無,,無,,有,始発〜終電まで,無,無,無,無,有,無,無,
大江戸線 新宿西口,2022/1/31,1600023,131041,東京都,新宿区,西新宿一丁目3番17号,03-5389-2254,https://www.kotsu.metro.tokyo.jp/subway/stations/shinjuku-nishiguchi.html,35.7381581,139.7586267,無,,無,,有,4,,,,無,無,無,,,,,,,,,,,,,,,,,,,,,,,,,,,,,,無,無,,無,,有,有,有,有,有,有,1,B3F,有,1,B3F,有,有,有,無,,無,,無,,有,,無,,有,,無,,無,,無,,有,有（有料）,無,,無,,無,,無,,有,3,無,,無,,有,始発〜終車まで,無,無,無,無,有,有,有,
浅草線　中延,2022/1/31,1420052,131091,東京都,品川区,東中延二丁目9番12号,03-3786-4634,https://www.kotsu.metro.tokyo.jp/subway/stations/nakanobu.html,35.7465785,139.7447686,無,,無,,有,2,,,,無,無,無,,,,,,,,,,,,,,,,,,,,,,,,,,,,,,無,無,,無,,有,有,有,有,有,有,1,B1F,有,1,B1F,有,無,有,無,,無,,無,,有,,無,,有,,無,,無,,無,,無,,無,,無,,無,,無,,有,1,無,,無,,有,始発〜終電まで,無,無,無,無,有,無,無,
浅草線　戸越,2022/1/31,1420041,131091,東京都,品川区,戸越三丁目4番17号,03-3786-4635,https://www.kotsu.metro.tokyo.jp/subway/stations/togoshi.html,35.7531875,139.7362504,無,,無,,有,2,,,,無,無,無,,,,,,,,,,,,,,,,,,,,,,,,,,,,,,無,無,,無,,有,有,有,有,有,有,1,B1F,有,1,B1F,有,無,有,無,,無,,無,,有,,無,,有,,無,,無,,無,,無,,無,,無,,無,,無,,有,1,無,,無,,有,始発〜終車まで,無,無,無,無,有,無,無,
大江戸線 若松河田,2022/1/31,1620054,131041,東京都,新宿区,河田町10番地10号,03-3350-0441,https://www.kotsu.metro.tokyo.jp/subway/stations/wakamatsu-kawada.html,35.763949,139.7246835,無,,無,,有,2,,,,無,無,無,,,,,,,,,,,,,,,,,,,,,,,,,,,,,,無,無,,無,,有,有,有,有,有,有,1,B1F,有,1,B1F,有,無,有,無,,無,,無,,有,,無,,有,,無,,無,,無,,無,,無,,無,,無,,無,,有,1,無,,無,,有,始発〜終車まで,無,無,無,無,有,有,無,
浅草線　高輪台,2022/1/31,1080071,131032,東京都,港区,白金台二丁目26番7号先,03-3447-2983,https://www.kotsu.metro.tokyo.jp/subway/stations/takanawadai.html,35.7821846,139.7092358,無,,無,,有,1,,,,無,無,無,,,,,,,,,,,,,,,,,,,,,,,,,,,,,,無,無,,無,,有,有,有,有,有,有,1,B1F,有,1,B1F,有,有,有,無,,無,,無,,有,,無,,有,,無,,無,,無,,無,,無,,無,,無,,無,,有,1,無,,無,,有,始発〜終車まで,無,無,無,無,有,無,無,車いす対応エスカレーター有（階段昇降機）。
大江戸線 牛込柳町,2022/1/31,1620053,131041,東京都,新宿区,原町2番地32号,03-3207-1730,https://www.kotsu.metro.tokyo.jp/subway/stations/ushigome-yanagicho.html,35.7468149,139.7516868,無,,無,,有,2,,,,無,無,無,,,,,,,,,,,,,,,,,,,,,,,,,,,,,,無,無,,無,,有,有,有,有,有,有,1,B1F,有,1,B1F,有,無,有,無,,無,,無,,有,,無,,有,,無,,無,,無,,無,,無,,無,,無,,無,,有,1,無,,無,,有,始発〜終車まで,無,無,無,無,有,有,無,
大江戸線 牛込神楽坂,2022/1/31,1620833,131041,東京都,新宿区,箪笥町15番地,03-5228-5318,https://www.kotsu.metro.tokyo.jp/subway/stations/ushigome-kagurazaka.html,35.7866243,139.7039723,無,,無,,有,3,,,,無,無,無,,,,,,,,,,,,,,,,,,,,,,,,,,,,,,無,無,,無,,有,有,有,有,有,有,1,B1F,有,1,B1F,有,無,有,無,,無,,無,,有,,無,,有,,無,,無,,無,,無,,無,,無,,無,,無,,有,3,無,,無,,有,始発〜終車まで,無,無,無,無,有,有,無,
浅草線　泉岳寺,2022/1/31,1080074,131032,東京都,港区,高輪二丁目16番34号,03-3447-1769,https://www.kotsu.metro.tokyo.jp/subway/stations/sengakuji.html,35.7912024,139.6892139,無,,無,,有,1,,,,無,無,無,,,,,,,,,,,,,,,,,,,,,,,,,,,,,,無,無,,無,,有,有,有,有,有,有,2,B1F,有,2,B1F,有,有,有,無,,無,,無,,有,,無,,有,,無,,無,,無,,無,,無,,無,,無,,無,,有,3,無,,無,,有,始発〜終車まで,無,無,無,無,有,有,無,車いす対応エスカレーター有（階段昇降機）。
浅草線　三田,2022/1/31,1080014,131032,東京都,港区,芝五丁目34番10号,03-3452-1770,https://www.kotsu.metro.tokyo.jp/subway/stations/mita.html,35.7331755,139.7762959,無,,無,,有,1,,,,無,無,無,,,,,,,,,,,,,,,,,,,,,,,,,,,,,,無,無,,無,,有,有,有,有,有,有,1,B1F,有,3,B1F,有,有,有,無,,無,,無,,有,,無,,有,,無,,無,,無,,無,,無,,無,,無,,無,,有,2,無,,無,,有,始発〜終車まで,無,無,無,無,有,有,無,
大江戸線 春日,2022/1/31,1120003,131059,東京都,文京区,春日一丁目16番17号,03-3815-2314,https://www.kotsu.metro.tokyo.jp/subway/stations/kasuga.html,35.7333194,139.7968674,無,,無,,有,2,,,,無,無,無,,,,,,,,,,,,,,,,,,,,,,,,,,,,,,無,無,,無,,有,有,有,有,有,有,1,B2F,有,3,B2F,有,有,有,無,,無,,無,,有,,無,,有,,無,,無,,無,,無,,無,,無,,無,,無,,有,2,無,,無,,有,始発〜終車まで,無,無,無,無,有,有,無,
浅草線　大門,2022/1/31,1050013,131032,東京都,港区,浜松町一丁目27番12号,03-3433-5671,https://www.kotsu.metro.tokyo.jp/subway/stations/daimon.html,35.7496762,139.8031546,無,,無,,有,3,,,,無,無,無,,,,,,,,,,,,,,,,,,,,,,,,,,,,,,無,無,,無,,有,有,有,有,有,有,2,B1F,有,6,B1F,有,無,有,無,,無,,無,,有,,無,,有,,無,,無,,無,,無,,無,,無,,無,,無,,有,6,無,,無,,有,始発〜終車まで,無,無,無,無,有,有,無,
大江戸線 本郷三丁目,2022/1/31,1130033,131059,東京都,文京区,本郷二丁目40番8号,03-3812-6921,https://www.kotsu.metro.tokyo.jp/subway/stations/hongo-sanchome.html,35.7665375,139.8453447,無,,無,,有,3,,,,無,無,無,,,,,,,,,,,,,,,,,,,,,,,,,,,,,,無,無,,無,,有,有,有,有,有,有,1,B1F,有,1,B1F,有,無,有,無,,無,,無,,有,,無,,有,,無,,無,,無,,無,,無,,無,,無,,無,,有,1,無,,無,,有,始発〜終車まで,無,無,無,無,有,有,無,
大江戸線 上野御徒町,2022/1/31,1100005,131067,東京都,台東区,上野五丁目26番6号,03-3834-6485,https://www.kotsu.metro.tokyo.jp/subway/stations/ueno-okachimachi.html,35.769538,139.8682873,無,,無,,有,2,,,,無,無,無,,,,,,,,,,,,,,,,,,,,,,,,,,,,,,無,無,,無,,有,有,有,有,有,有,1,B1F,有,2,B1F,有,有,有,無,,無,,無,,有,,無,,有,,無,,無,,無,,有,有（有料）,無,,無,,無,,無,,有,1,無,,無,,有,始発〜終車まで,無,無,無,無,有,有,有,
大江戸線 新御徒町,2022/1/31,1110041,131067,東京都,台東区,元浅草一丁目5番2号,03-3836-2218,https://www.kotsu.metro.tokyo.jp/subway/stations/shin-okachimachi.html,35.6890164,139.7720763,無,,無,,有,3,,,,無,無,無,,,,,,,,,,,,,,,,,,,,,,,,,,,,,,無,無,,無,,有,有,有,有,有,有,1,B1F,有,1,B1F,有,無,有,無,,無,,無,,有,,無,,有,,無,,無,,無,,無,,無,,無,,無,,無,,有,1,無,,無,,有,始発〜終車まで,無,無,無,無,有,有,無,
浅草線　東銀座,2022/12/22,1040061,131024,東京都,中央区,銀座四丁目10番10号先,03-3542-2072,https://www.kotsu.metro.tokyo.jp/subway/stations/higashi-ginza.html,35.6938839,139.7809211,無,,無,,有,2,,,,無,無,無,,,,,,,,,,,,,,,,,,,,,,,,,,,,,,無,無,,無,,有,有,有,有,有,有,1,B1F,有,1,B1F,無,無,有,無,,無,,無,,有,,無,,有,,無,,無,,無,,無,,無,,無,,無,,無,,有,1,無,,無,,有,始発〜終車まで,無,無,無,無,有,有,無,
大江戸線 蔵前,2022/1/31,1110042,131067,東京都,台東区,寿三丁目3番1号,03-3843-8941,https://www.kotsu.metro.tokyo.jp/subway/stations/kuramae.html,35.6746248,139.7746959,無,,無,,有,2,,,,無,無,無,,,,,,,,,,,,,,,,,,,,,,,,,,,,,,無,無,,無,,有,有,有,有,有,有,1,B1F,有,1,B1F,有,無,有,無,,無,,無,,有,,無,,有,,無,,無,,無,,無,,無,,無,,無,,無,,有,1,無,,無,,有,始発〜終車まで,無,無,無,無,有,有,無,
浅草線　宝町,2022/12/22,1040031,131024,東京都,中央区,京橋二丁目13番11号先,03-3535-7606,https://www.kotsu.metro.tokyo.jp/subway/stations/takaracho.html,35.6679621,139.79046,無,,無,,有,2,,,,無,無,無,,,,,,,,,,,,,,,,,,,,,,,,,,,,,,無,無,,無,,有,有,有,有,有,有,1,B1F,有,2,B1F,有,無,有,無,,無,,無,,有,,無,,有,,無,,無,,無,,無,,無,,無,,無,,無,,有,1,無,,無,,有,始発〜終車まで,無,無,無,無,有,有,無,
大江戸線 森下,2022/1/31,1350004,131083,東京都,江東区,森下二丁目17番17号,03-3632-2404,https://www.kotsu.metro.tokyo.jp/subway/stations/morishita.html,35.7365665,139.7448211,無,,無,,有,2,,,,無,無,無,,,,,,,,,,,,,,,,,,,,,,,,,,,,,,無,無,,無,,有,有,有,有,有,有,1,B1F,有,1,B1F,有,無,有,無,,無,,無,,有,,無,,有,,無,,無,,無,,無,,無,,無,,無,,無,,有,1,無,,無,,有,始発〜終車まで,無,無,無,無,有,有,無,
浅草線　日本橋,2022/12/22,1030027,131024,東京都,中央区,日本橋一丁目13番1号先,03-3272-2409,https://www.kotsu.metro.tokyo.jp/subway/stations/nihombashi.html,35.7334192,139.7370961,無,,無,,有,1,,,,無,無,無,,,,,,,,,,,,,,,,,,,,,,,,,,,,,,無,無,,無,,有,有,有,有,有,有,1,B2F,有,1,B2F,有,無,有,無,,無,,無,,有,,無,,有,,無,,無,,無,,無,,無,,無,,無,,無,,有,1,無,,無,,有,始発〜終車まで,無,無,無,無,有,有,無,
大江戸線 清澄白河,2022/1/31,1350021,131083,東京都,江東区,白河一丁目7番14号,03-5620-9854,https://www.kotsu.metro.tokyo.jp/subway/stations/kiyosumi-shirakawa.html,35.7318309,139.7259225,無,,無,,有,3,,,,無,無,無,,,,,,,,,,,,,,,,,,,,,,,,,,,,,,無,無,,無,,有,有,有,有,有,有,1,B1F,有,1,B1F,有,無,有,無,,無,,無,,有,,無,,有,,無,,無,,無,,無,,無,,無,,無,,無,,有,1,無,,無,,有,始発〜終車まで,無,無,無,無,有,有,無,
浅草線　人形町,2022/1/31,1030013,131024,東京都,中央区,日本橋人形町三丁目7番13号,03-3662-5095,https://www.kotsu.metro.tokyo.jp/subway/stations/ningyocho.html,35.7295028,139.7087114,無,,無,,有,3,,,,無,無,無,,,,,,,,,,,,,,,,,,,,,,,,,,,,,,無,無,,無,,有,有,有,有,有,有,1,B1F,有,2,B1F,有,有,有,無,,無,,無,,有,,無,,有,,無,,無,,無,,無,,無,,無,,無,,無,,有,3,無,,無,,有,始発〜終車まで,無,無,無,無,有,無,無,
大江戸線 門前仲町,2022/1/31,1350048,131083,東京都,江東区,門前仲町二丁目5番2号先,03-5620-2997,https://www.kotsu.metro.tokyo.jp/subway/stations/monzen-nakacho.html,35.7212199,139.7044228,無,,無,,有,2,,,,無,無,無,,,,,,,,,,,,,,,,,,,,,,,,,,,,,,無,無,,無,,有,有,有,有,有,有,1,B2F,有,1,B2F,有,有,有,無,,無,,無,,有,,無,,有,,無,,無,,無,,有,有（有料）,無,,無,,無,,無,,有,1,無,,無,,有,始発〜終車まで,無,無,無,無,有,有,無,
浅草線　東日本橋,2022/1/31,1030004,131024,東京都,中央区,東日本橋三丁目11番8号先,03-3661-6225,https://www.kotsu.metro.tokyo.jp/subway/stations/higashi-nihombashi.html,35.7125654,139.7016728,無,,無,,有,1,,,,無,無,無,,,,,,,,,,,,,,,,,,,,,,,,,,,,,,無,無,,無,,有,有,有,有,有,有,1,B1F,有,1,B1F,有,無,有,無,,無,,無,,有,,無,,有,,無,,無,,無,,無,,無,,無,,無,,無,,有,1,無,,無,,有,始発〜終車まで,無,無,無,無,有,無,無,
大江戸線 月島,2022/1/31,1040052,131024,東京都,中央区,月島一丁目5番4号先,03-3532-0348,https://www.kotsu.metro.tokyo.jp/subway/stations/tsukishima.html,35.6896067,139.6983826,無,,無,,有,2,,,,無,無,無,,,,,,,,,,,,,,,,,,,,,,,,,,,,,,無,無,,無,,有,有,有,有,有,有,1,B1F,有,3,B1F,有,無,有,無,,無,,無,,有,,無,,有,,無,,無,,無,,無,,無,,無,,無,,無,,有,1,無,,無,,有,始発〜終車まで,無,無,無,無,有,有,無,
大江戸線 勝どき,2022/1/31,1040054,131024,東京都,中央区,勝どき二丁目10番15号先,03-3536-7441,https://www.kotsu.metro.tokyo.jp/subway/stations/kachidoki.html,35.6702285,139.7005089,無,,無,,有,3,,,,無,無,無,,,,,,,,,,,,,,,,,,,,,,,,,,,,,,無,無,,無,,有,有,有,有,有,有,4,B2F,有,6,B2F,有,無,有,無,,無,,無,,有,,無,,有,,無,,無,,無,,無,,無,,無,,無,,無,,有,8,無,,無,,有,始発〜終車まで,無,無,無,無,有,有,無,
大江戸線 築地市場,2022/1/31,1040045,131024,東京都,中央区,築地五丁目1番2号,03-5565-8528,https://www.kotsu.metro.tokyo.jp/subway/stations/tsukijishijo.html,35.6580339,139.6994471,無,,無,,有,2,,,,無,無,無,,,,,,,,,,,,,,,,,,,,,,,,,,,,,,無,無,,無,,有,有,有,有,有,有,1,B1F,有,1,B1F,有,無,有,無,,無,,無,,有,,無,,有,,無,,無,,無,,無,,無,,無,,無,,無,,有,1,無,,無,,有,始発〜終車まで,無,無,無,無,有,有,無,
大江戸線 汐留,2022/1/31,1050021,131032,東京都,港区,東新橋一丁目9番1号先,03-3573-1017,https://www.kotsu.metro.tokyo.jp/subway/stations/shiodome.html,35.6467139,139.707889,無,,無,,有,3,,,,無,無,無,,,,,,,,,,,,,,,,,,,,,,,,,,,,,,無,無,,無,,有,有,有,有,有,有,1,B2F,有,1,B2F,有,無,有,無,,無,,無,,有,,無,,有,,無,,無,,無,,無,,無,,無,,無,,無,,有,1,無,,無,,有,始発〜終車まで,無,無,無,無,有,有,無,
大江戸線 赤羽橋,2022/1/31,1060044,131032,東京都,港区,東麻布一丁目28番13号,03-3589-1656,https://www.kotsu.metro.tokyo.jp/subway/stations/akabanebashi.html,35.6404854,139.697559,無,,無,,有,2,,,,無,無,無,,,,,,,,,,,,,,,,,,,,,,,,,,,,,,無,無,,無,,有,有,有,有,有,有,1,B1F,有,1,B1F,有,無,有,無,,無,,無,,有,,無,,有,,無,,無,,無,,無,,無,,無,,無,,無,,有,1,無,,無,,有,始発〜終車まで,無,無,無,無,有,有,無,
大江戸線 麻布十番,2022/1/31,1060045,131032,東京都,港区,麻布十番一丁目4番6号,03-3589-2170,https://www.kotsu.metro.tokyo.jp/subway/stations/azabu-juban.html,35.6261591,139.7214135,無,,無,,有,3,,,,無,無,無,,,,,,,,,,,,,,,,,,,,,,,,,,,,,,無,無,,無,,有,有,有,有,有,有,1,B4F,有,1,B4F,有,無,有,無,,無,,無,,有,,無,,有,,無,,無,,無,,無,,無,,無,,無,,無,,有,1,無,,無,,有,始発〜終車まで,無,無,無,無,有,有,無,
大江戸線 国立競技場,2022/1/31,1600013,131041,東京都,新宿区,霞ヶ丘町10番地3号,03-3746-0254,https://www.kotsu.metro.tokyo.jp/subway/stations/kokuritsu-kyogijo.html,35.6198513,139.7260005,無,,無,,有,4,,,,無,無,無,,,,,,,,,,,,,,,,,,,,,,,,,,,,,,無,無,,無,,有,有,有,有,有,有,1,B1F,有,1,B1F,有,無,有,無,,無,,無,,有,,無,,有,,無,,無,,無,,無,,無,,無,,無,,無,,有,2,無,,無,,有,始発〜終車まで,無,無,無,無,有,有,無,
大江戸線 都庁前,2022/1/31,1600023,131041,東京都,新宿区,西新宿二丁目8番1号,03-5322-0255,https://www.kotsu.metro.tokyo.jp/subway/stations/tochomae.html,35.760257,139.72005,無,,無,,有,3,,,,無,無,無,,,,,,,,,,,,,,,,,,,,,,,,,,,,,,無,無,,無,,有,有,有,有,有,有,2,B2F,有,2,B2F,有,無,有,無,,無,,無,,有,,無,,有,,無,,無,,無,,無,,無,,無,,無,,無,,有,2,無,,無,,有,始発〜終車まで,無,無,無,無,有,有,無,
大江戸線 西新宿五丁目,2022/1/31,1600023,131041,東京都,新宿区,西新宿五丁目25番9号,03-3377-9152,https://www.kotsu.metro.tokyo.jp/subway/stations/nishi-shinjuku-gochome.html,35.6417094,139.5182664,無,,無,,有,2,,,,無,無,無,,,,,,,,,,,,,,,,,,,,,,,,,,,,,,無,無,,無,,有,有,有,有,有,有,1,B1F,有,1,B1F,有,無,有,無,,無,,無,,有,,無,,有,,無,,無,,無,,無,,無,,無,,無,,無,,有,1,無,,無,,有,始発〜終車まで,無,無,無,無,有,有,無,
大江戸線 中野坂上,2022/1/31,1640011,131148,東京都,中野区,中央二丁目2番28号,03-3368-3129,https://www.kotsu.metro.tokyo.jp/subway/stations/nakano-sakaue.html,35.644292,139.5003793,無,,無,,有,2,,,,無,無,無,,,,,,,,,,,,,,,,,,,,,,,,,,,,,,無,無,,無,,有,有,有,有,有,有,1,B2F,有,1,B2F,有,有,有,無,,無,,無,,有,,無,,有,,無,,無,,無,,無,,無,,無,,無,,無,,有,1,無,,無,,有,始発〜終車まで,無,無,無,無,有,有,無,車いす対応エスカレーター有（階段昇降機）。
大江戸線 中井,2022/1/31,1610034,131041,東京都,新宿区,上落合二丁目20番8号,03-5330-2751,https://www.kotsu.metro.tokyo.jp/subway/stations/nakai.html,35.6492077,139.4872687,無,,無,,有,2,,,,無,無,無,,,,,,,,,,,,,,,,,,,,,,,,,,,,,,無,無,,無,,有,有,有,有,有,有,1,B1F,有,1,B1F,有,無,有,無,,無,,無,,有,,無,,有,,無,,無,,無,,無,,無,,無,,無,,無,,有,1,無,,無,,有,始発〜終車まで,無,無,無,無,有,有,無,
大江戸線 落合南長崎,2022/1/31,1610031,131041,東京都,新宿区,西落合三丁目1番18号,03-5982-3715,https://www.kotsu.metro.tokyo.jp/subway/stations/ochiai-minami-nagasaki.html,35.6662248,139.4749951,無,,無,,有,2,,,,無,無,無,,,,,,,,,,,,,,,,,,,,,,,,,,,,,,無,無,,無,,有,有,有,有,有,有,1,B1F,有,1,B1F,有,無,有,無,,無,,無,,有,,無,,有,,無,,無,,無,,無,,無,,無,,無,,無,,有,1,無,,無,,有,始発〜終車まで,無,無,無,無,有,有,無,
大江戸線 新江古田,2022/1/31,1650023,131148,東京都,中野区,江原町二丁目29番13号,03-3992-9536,https://www.kotsu.metro.tokyo.jp/subway/stations/shin-egota.html,35.6685677,139.4665513,無,,無,,有,2,,,,無,無,無,,,,,,,,,,,,,,,,,,,,,,,,,,,,,,無,無,,無,,有,有,有,有,有,有,1,B1F,有,1,B1F,有,無,有,無,,無,,無,,有,,無,,有,,無,,無,,無,,無,,無,,無,,無,,無,,有,1,無,,無,,有,始発〜終車まで,無,無,無,無,有,有,無,
大江戸線 練馬,2022/1/31,1760012,131202,東京都,練馬区,豊玉北五丁目17番12号,(03)5999-8711,https://www.kotsu.metro.tokyo.jp/subway/stations/nerima.html,35.6709726,139.455184,無,,無,,有,2,,,,無,無,無,,,,,,,,,,,,,,,,,,,,,,,,,,,,,,無,無,,無,,有,有,有,有,有,有,1,B1F,有,1,B1F,有,無,有,無,,無,,無,,有,,無,,有,,無,,無,,無,,無,,無,,無,,無,,無,,有,2,無,,無,,有,始発〜終車まで,無,無,無,無,有,有,無,
大江戸線 豊島園,2022/1/31,1760001,131202,東京都,練馬区,練馬四丁目14番17号,03-3993-1329,https://www.kotsu.metro.tokyo.jp/subway/stations/toshimaen.html,35.68137,139.4445493,無,,無,,有,2,,,,無,無,無,,,,,,,,,,,,,,,,,,,,,,,,,,,,,,無,無,,無,,有,有,有,有,有,有,1,B1F,有,1,B1F,有,無,有,無,,無,,無,,有,,無,,有,,無,,無,,無,,無,,無,,無,,無,,無,,有,1,無,,無,,有,始発〜終車まで,無,無,無,無,有,有,無,
大江戸線 練馬春日町,2022/1/31,1790074,131202,東京都,練馬区,春日町三丁目29番25号,03-3999-1431,https://www.kotsu.metro.tokyo.jp/subway/stations/nerima-kasugacho.html,35.685063,139.4293833,無,,無,,有,2,,,,無,無,無,,,,,,,,,,,,,,,,,,,,,,,,,,,,,,無,無,,無,,有,有,有,有,有,有,1,B1F,有,1,B1F,有,無,有,無,,無,,無,,有,,無,,有,,無,,無,,無,,無,,無,,無,,無,,無,,有,1,無,,無,,有,始発〜終車まで,無,無,無,無,有,有,無,
大江戸線 光が丘,2022/1/31,1790072,131202,東京都,練馬区,光が丘二丁目9番5号,03-3976-6967,https://www.kotsu.metro.tokyo.jp/subway/stations/hikarigaoka.html,35.6938121,139.4217169,無,,無,,有,2,,,,無,無,無,,,,,,,,,,,,,,,,,,,,,,,,,,,,,,無,無,,無,,有,有,有,有,有,有,1,B1F,有,1,B1F,有,無,有,無,,無,,無,,有,,無,,有,,無,,無,,無,,無,,無,,無,,無,,無,,有,1,無,,無,,有,始発〜終車まで,無,無,無,無,有,有,無,
浅草線　本所吾妻橋,2022/12/22,1300001,131075,東京都,墨田区,吾妻橋三丁目7番16号先,03-3623-5440,https://www.kotsu.metro.tokyo.jp/subway/stations/honjo-azumabashi.html,35.6808029,139.4696531,無,,無,,有,2,,,,無,無,無,,,,,,,,,,,,,,,,,,,,,,,,,,,,,,無,無,,無,,有,有,有,有,有,有,2,B1F,有,2,B1F,無,無,有,無,,無,,無,,有,,無,,有,,無,,無,,無,,無,,無,,無,,無,,無,,有,1,無,,無,,有,始発〜終車まで,無,無,無,無,有,無,無,
新宿線 新宿三丁目,2022/1/31,1600022,131041,東京都,新宿区,新宿三丁目3番2号,03-3341-2931,https://www.kotsu.metro.tokyo.jp/subway/stations/shinjuku-sanchome.html,35.7308925,139.4682948,無,,無,,有,2,,,,無,無,無,,,,,,,,,,,,,,,,,,,,,,,,,,,,,,無,無,,無,,有,有,有,有,有,有,2,B1F,有,2,B1F,有,有,有,無,,無,,無,,有,,無,,有,,無,,無,,無,,有,有（有料）,無,,無,,無,,無,,有,2,無,,無,,有,始発〜終車まで,無,無,無,無,有,有,無,
新宿線 曙橋,2022/1/31,1620065,131041,東京都,新宿区,住吉町7番地1号,03-3358-0401,https://www.kotsu.metro.tokyo.jp/subway/stations/akebonobashi.html,35.77811,139.4913743,無,,無,,有,3,,,,無,無,無,,,,,,,,,,,,,,,,,,,,,,,,,,,,,,無,無,,無,,有,有,有,有,有,有,1,B1F,有,3,B1F,有,無,有,無,,無,,無,,有,,無,,有,,無,,無,,無,,無,,無,,無,,無,,無,,有,2,無,,無,,有,始発〜終車まで,無,無,無,無,有,有,無,
新宿線 市ヶ谷,2022/1/31,1020074,131016,東京都,千代田区,九段南四丁目8番22号,03-3234-6251,https://www.kotsu.metro.tokyo.jp/subway/stations/ichigaya.html,35.6069027,139.3294782,無,,無,,有,3,,,,無,無,無,,,,,,,,,,,,,,,,,,,,,,,,,,,,,,無,無,,無,,有,有,有,有,有,有,2,B1F,有,6,B1F,有,有,有,無,,無,,無,,有,,無,,有,,無,,無,,無,,無,,無,,無,,無,,無,,有,4,無,,無,,有,始発〜終車まで,無,無,無,無,有,有,無,
三田線 白金台,2020/3/22,1080071,,東京都,,,03-5420-1513,https://www.kotsu.metro.tokyo.jp/subway/stations/shirokanedai.html,35.631317,139.3287833,無,,無,,有,3,,,,無,無,無,,,,,,,,,,,,,,,,,,,,,,,,,,,,,,無,無,,無,,無,無,無,無,無,有,,,無,,,有,無,無,無,,無,,無,,無,,無,,無,,無,,無,,無,,無,,無,,無,,無,,無,,有,1,無,,無,,無,,無,無,無,無,無,無,無,
新宿線 神保町,2022/1/31,1010051,131016,東京都,千代田区,神田神保町二丁目7番地,03-3291-2755,https://www.kotsu.metro.tokyo.jp/subway/stations/jimbocho.html,35.639667,139.3391008,無,,無,,有,4,,,,無,無,無,,,,,,,,,,,,,,,,,,,,,,,,,,,,,,無,無,,無,,有,有,有,有,有,有,2,B1F,有,6,B1F,有,無,有,無,,無,,無,,有,,無,,有,,無,,無,,無,,無,,無,,無,,無,,無,,有,4,無,,無,,有,始発〜終車まで,無,無,無,無,有,有,無,
三田線 白金高輪,2020/3/22,1080074,,東京都,,,03-3449-4805,https://www.kotsu.metro.tokyo.jp/subway/stations/shirokane-takanawa.html,35.5355157,139.470725,無,,無,,有,3,,,,無,無,無,,,,,,,,,,,,,,,,,,,,,,,,,,,,,,無,無,,無,,無,無,無,無,有,有,,,無,,,有,無,無,無,,無,,無,,無,,無,,無,,無,,無,,無,,無,,無,,無,,無,,無,,有,1,無,,無,,無,,無,無,無,無,無,無,無,
新宿線 小川町,2022/1/31,1010052,131016,東京都,千代田区,神田小川町一丁目6番地,03-3251-3801,https://www.kotsu.metro.tokyo.jp/subway/stations/ogawamachi.html,35.5355144,139.4554041,無,,無,,有,3,,,,無,無,無,,,,,,,,,,,,,,,,,,,,,,,,,,,,,,無,無,,無,,有,有,有,有,有,有,2,B1F、B2F,有,5,B1F、B2F,有,有,有,無,,無,,無,,有,,無,,有,,無,,無,,無,,無,,無,,無,,無,,無,,有,4,無,,無,,有,始発〜終車まで,無,無,無,無,有,有,無,
新宿線 岩本町,2022/1/31,1010033,131016,東京都,千代田区,神田岩本町1番地,03-3255-8591,https://www.kotsu.metro.tokyo.jp/subway/stations/iwamotocho.html,35.7030889,139.5774733,無,,無,,有,3,,,,無,無,無,,,,,,,,,,,,,,,,,,,,,,,,,,,,,,無,無,,無,,有,有,有,有,有,有,1,B1F,有,3,B1F,有,無,有,無,,無,,無,,有,,無,,有,,無,,無,,無,,無,,無,,無,,無,,無,,有,2,無,,無,,有,始発〜終車まで,無,無,無,無,有,有,無,
三田線 芝公園,2022/1/31,1050011,131032,東京都,港区,芝公園四丁目8番14号,03-3431-4524,https://www.kotsu.metro.tokyo.jp/subway/stations/shibakoen.html,35.7027156,139.5588404,無,,無,,有,3,,,,無,無,無,,,,,,,,,,,,,,,,,,,,,,,,,,,,,,無,無,,無,,有,有,有,有,有,有,1,B1F,有,1,B1F,有,無,有,無,,無,,無,,有,,無,,有,,無,,無,,無,,無,,無,,無,,無,,無,,有,1,無,,無,,有,始発〜終車まで,無,無,無,無,有,有,無,
新宿線 馬喰横山,2022/1/31,1030003,131024,東京都,中央区,日本橋横山町4番地13号,03-3661-4561,https://www.kotsu.metro.tokyo.jp/subway/stations/bakuro-yokoyama.html,35.7021388,139.5414691,無,,無,,有,3,,,,無,無,無,,,,,,,,,,,,,,,,,,,,,,,,,,,,,,無,無,,無,,有,有,有,有,有,有,1,B1F,有,3,B1F,有,無,有,無,,無,,無,,有,,無,,有,,無,,無,,無,,無,,無,,無,,無,,無,,有,1,無,,無,,有,始発〜終車まで,無,無,無,無,有,有,無,
三田線 御成門,2022/1/31,1050003,131032,東京都,港区,西新橋三丁目24番6号,03-3431-4521,https://www.kotsu.metro.tokyo.jp/subway/stations/onarimon.html,35.7015399,139.5218511,無,,無,,有,2,,,,無,無,無,,,,,,,,,,,,,,,,,,,,,,,,,,,,,,無,無,,無,,有,有,有,有,有,有,1,B1F,有,3,B1F,有,無,有,無,,無,,無,,有,,無,,有,,無,,無,,無,,無,,無,,無,,無,,無,,有,2,無,,無,,有,始発〜終車まで,無,無,無,無,有,有,無,
新宿線 浜町,2022/1/31,1030007,131024,東京都,中央区,日本橋浜町二丁目59番3号,03-3667-8351,https://www.kotsu.metro.tokyo.jp/subway/stations/hamacho.html,35.7011232,139.5047233,無,,無,,有,2,,,,無,無,無,,,,,,,,,,,,,,,,,,,,,,,,,,,,,,無,無,,無,,有,有,有,有,有,有,1,B1F,有,1,B1F,有,無,有,無,,無,,無,,有,,無,,有,,無,,無,,無,,無,,無,,無,,無,,無,,有,1,無,,無,,有,始発〜終車まで,無,無,無,無,有,有,無,
三田線 内幸町,2022/1/31,1000011,131016,東京都,千代田区,内幸町二丁目2番3号先,03-3591-6550,https://www.kotsu.metro.tokyo.jp/subway/stations/uchisaiwaicho.html,35.7001246,139.478015,無,,無,,有,2,,,,無,無,無,,,,,,,,,,,,,,,,,,,,,,,,,,,,,,無,無,,無,,有,有,有,有,有,有,1,B1F,有,1,B1F,有,無,有,無,,無,,無,,有,,無,,有,,無,,無,,無,,無,,無,,無,,無,,無,,有,1,無,,無,,有,始発〜終車まで,無,無,無,無,有,有,無,
三田線 日比谷,2022/1/31,1000006,131016,東京都,千代田区,有楽町一丁目13番1号先,03-3211-1901,https://www.kotsu.metro.tokyo.jp/subway/stations/hibiya.html,35.6998082,139.4635885,無,,無,,有,1,,,,無,無,無,,,,,,,,,,,,,,,,,,,,,,,,,,,,,,無,無,,無,,有,有,有,有,有,有,1,B1F,有,3,B1F,有,無,有,無,,無,,無,,有,,無,,有,,無,,無,,無,,無,,無,,無,,無,,無,,有,2,無,,無,,有,始発〜終車まで,無,無,無,無,有,有,無,
新宿線 菊川,2022/1/31,1300024,131075,東京都,墨田区,菊川三丁目16番2号,03-3634-5291,https://www.kotsu.metro.tokyo.jp/subway/stations/kikukawa.html,35.699173,139.4441873,無,,無,,有,2,,,,無,無,無,,,,,,,,,,,,,,,,,,,,,,,,,,,,,,無,無,,無,,有,有,有,有,有,有,1,B1F,有,2,B1F,有,無,有,無,,無,,無,,有,,無,,有,,無,,無,,無,,無,,無,,無,,無,,無,,有,2,無,,無,,有,始発〜終車まで,無,無,無,無,有,有,無,
三田線 白山,2022/1/31,1130001,131059,東京都,文京区,白山五丁目36番10号,03-3815-3923,https://www.kotsu.metro.tokyo.jp/subway/stations/hakusan.html,35.6979144,139.4115521,無,,無,,有,3,,,,無,無,無,,,,,,,,,,,,,,,,,,,,,,,,,,,,,,無,無,,無,,有,有,有,有,有,有,1,B1F,有,1,B1F,有,無,有,無,,無,,無,,有,,無,,有,,無,,無,,無,,無,,無,,無,,無,,無,,有,1,無,,無,,有,始発〜終車まで,無,無,無,無,有,有,無,
新宿線 住吉,2022/1/31,1350002,131083,東京都,江東区,住吉二丁目23番12号,03-3634-5261,https://www.kotsu.metro.tokyo.jp/subway/stations/sumiyoshi.html,35.6792504,139.3918092,無,,無,,有,2,,,,無,無,無,,,,,,,,,,,,,,,,,,,,,,,,,,,,,,無,無,,無,,有,有,有,有,有,有,2,B2F,有,4,B1F、B2F,有,無,有,無,,無,,無,,有,,無,,有,,無,,無,,無,,無,,無,,無,,無,,無,,有,4,無,,無,,有,始発〜終車まで,無,無,無,無,有,有,無,
新宿線 西大島,2022/1/31,1360072,131083,東京都,江東区,大島二丁目41番19号,03-3636-6751,https://www.kotsu.metro.tokyo.jp/subway/stations/nishi-ojima.html,35.6595066,139.3793053,無,,無,,有,2,,,,無,無,無,,,,,,,,,,,,,,,,,,,,,,,,,,,,,,無,無,,無,,有,有,有,有,有,有,1,B1F,有,2,B1F,有,無,有,無,,無,,無,,有,,無,,有,,無,,無,,無,,無,,無,,無,,無,,無,,有,2,無,,無,,有,始発〜終車まで,無,無,無,無,有,有,無,
新宿線 大島,2022/1/31,1360072,131083,東京都,江東区,大島五丁目10番8号,03-3636-6851,https://www.kotsu.metro.tokyo.jp/subway/stations/ojima.html,35.6556157,139.3366642,無,,無,,有,3,,,,無,無,無,,,,,,,,,,,,,,,,,,,,,,,,,,,,,,無,無,,無,,有,有,有,有,有,有,1,B1F,有,3,B1F,有,無,有,無,,無,,無,,有,,無,,有,,無,,無,,無,,無,,無,,無,,無,,無,,有,2,無,,無,,有,始発〜終車まで,無,無,無,無,有,有,無,
三田線 千石,2022/1/31,1120011,131059,東京都,文京区,千石一丁目29番13号,03-3945-2532,https://www.kotsu.metro.tokyo.jp/subway/stations/sengoku.html,35.6565274,139.3102787,無,,無,,有,2,,,,無,無,無,,,,,,,,,,,,,,,,,,,,,,,,,,,,,,無,無,,無,,有,有,有,有,有,有,1,B1F,有,1,B1F,有,無,有,無,,無,,無,,有,,無,,有,,無,,無,,無,,無,,無,,無,,無,,無,,有,1,無,,無,,有,始発〜終車まで,無,無,無,無,有,有,無,
新宿線 東大島,2022/1/31,1360072,131083,東京都,江東区,大島九丁目3番14号,03-3636-6951,https://www.kotsu.metro.tokyo.jp/subway/stations/higashi-ojima.html,35.7036031,139.3915246,無,,無,,有,5,,,,無,無,無,,,,,,,,,,,,,,,,,,,,,,,,,,,,,,無,無,,無,,有,有,有,有,有,有,2,1F、2F,有,4,1F、2F,有,無,有,無,,無,,無,,有,,無,,有,,無,,無,,無,,無,,無,,無,,無,,無,,有,5,無,,無,,有,始発〜終車まで,無,無,無,無,有,有,無,
新宿線 船堀,2022/1/31,1340091,131237,東京都,江戸川区,船堀三丁目6番1号,03-3689-6121,https://www.kotsu.metro.tokyo.jp/subway/stations/funabori.html,35.706254,139.3826083,無,,無,,有,2,,,,無,無,無,,,,,,,,,,,,,,,,,,,,,,,,,,,,,,無,無,,無,,有,有,有,有,有,有,1,1F,有,2,1F,有,無,有,無,,無,,無,,有,,無,,有,,無,,無,,無,,無,,無,,無,,無,,無,,有,3,無,,無,,有,始発〜終車まで,無,無,無,無,有,有,無,
新宿線 一之江,2022/1/31,1320024,131237,東京都,江戸川区,一之江八丁目14番1号,03-3656-3840,https://www.kotsu.metro.tokyo.jp/subway/stations/ichinoe.html,35.7090373,139.3737299,無,,無,,有,3,,,,無,無,無,,,,,,,,,,,,,,,,,,,,,,,,,,,,,,無,無,,無,,有,有,有,有,有,有,1,B1F,有,2,B1F,有,無,有,無,,無,,無,,有,,無,,有,,無,,無,,無,,無,,有,,無,,無,,無,,有,1,無,,無,,有,始発〜終車まで,無,無,無,無,有,有,無,
三田線 西巣鴨,2022/1/31,1700001,131164,東京都,豊島区,西巣鴨三丁目25番13号,03-3917-0218,https://www.kotsu.metro.tokyo.jp/subway/stations/nishi-sugamo.html,35.7135373,139.3587533,無,,無,,有,2,,,,無,無,無,,,,,,,,,,,,,,,,,,,,,,,,,,,,,,無,無,,無,,有,有,有,有,有,有,1,B1F,有,1,B1F,有,無,有,無,,無,,無,,有,,無,,有,,無,,無,,無,,無,,無,,無,,無,,無,,有,1,無,,無,,有,始発〜終車まで,無,無,無,無,有,有,無,
新宿線 瑞江,2022/1/31,1320011,131237,東京都,江戸川区,瑞江二丁目2番1号,03-3698-3351,https://www.kotsu.metro.tokyo.jp/subway/stations/mizue.html,35.72113,139.3414627,無,,無,,有,1,,,,無,無,無,,,,,,,,,,,,,,,,,,,,,,,,,,,,,,無,無,,無,,有,有,有,有,有,有,1,B1F,有,1,B1F,有,無,有,無,,無,,無,,有,,無,,有,,無,,無,,無,,無,,無,,無,,無,,無,,有,2,無,,無,,有,始発〜終車まで,無,無,無,無,有,有,無,
三田線 新板橋,2022/1/31,1730004,131199,東京都,板橋区,板橋一丁目53番17号,03-3962-9347,https://www.kotsu.metro.tokyo.jp/subway/stations/shin-itabashi.html,35.7423642,139.3256762,無,,無,,有,2,,,,無,無,無,,,,,,,,,,,,,,,,,,,,,,,,,,,,,,無,無,,無,,有,有,有,有,有,有,1,B2F,有,2,B2F,有,無,有,無,,無,,無,,有,,無,,有,,無,,無,,無,,無,,無,,無,,無,,無,,有,2,無,,無,,有,始発〜終車まで,無,無,無,無,有,有,無,
新宿線 篠崎,2022/1/31,1330061,131237,東京都,江戸川区,篠崎町七丁目27番1号,03-3698-2620,https://www.kotsu.metro.tokyo.jp/subway/stations/shinozaki.html,35.7584547,139.3137558,無,,無,,有,2,,,,無,無,無,,,,,,,,,,,,,,,,,,,,,,,,,,,,,,無,無,,無,,有,有,有,有,有,有,1,B1F,有,3,B1F,有,無,有,無,,無,,無,,有,,無,,有,,無,,無,,無,,無,,無,,無,,無,,無,,有,3,無,,無,,有,始発〜終車まで,無,無,無,無,有,有,無,
三田線 板橋区役所前,2022/1/31,1730004,131199,東京都,板橋区,板橋二丁目66番17号,03-3962-9348,https://www.kotsu.metro.tokyo.jp/subway/stations/itabashi-kuyakushomae.html,35.7760496,139.3000851,無,,無,,有,3,,,,無,無,無,,,,,,,,,,,,,,,,,,,,,,,,,,,,,,無,無,,無,,有,有,有,有,有,有,2,1F、B1F,有,2,1F、B1F,有,無,有,無,,無,,無,,有,,無,,有,,無,,無,,無,,無,,無,,無,,無,,無,,有,2,無,,無,,有,始発〜終車まで,無,無,無,無,有,有,無,
三田線 板橋本町,2022/1/31,1730012,131199,東京都,板橋区,大和町17番1号,03-3962-9349,https://www.kotsu.metro.tokyo.jp/subway/stations/itabashihoncho.html,35.7844627,139.2825289,無,,無,,有,2,,,,無,無,無,,,,,,,,,,,,,,,,,,,,,,,,,,,,,,無,無,,無,,有,有,有,有,有,有,1,B3F,有,1,B3F,有,無,有,無,,無,,無,,有,,無,,有,,無,,無,,無,,無,,無,,無,,無,,無,,有,1,無,,無,,有,始発〜終車まで,無,無,無,無,有,有,無,
三田線 本蓮沼,2022/1/31,1740052,131199,東京都,板橋区,蓮沼町19番8号,03-3968-4419,https://www.kotsu.metro.tokyo.jp/subway/stations/motohasunuma.html,35.7901468,139.2611744,無,,無,,有,2,,,,無,無,無,,,,,,,,,,,,,,,,,,,,,,,,,,,,,,無,無,,無,,有,有,有,有,有,有,1,B1F,有,1,B1F,無,無,有,無,,無,,無,,有,,無,,有,,無,,無,,無,,無,,無,,無,,無,,無,,有,1,無,,無,,有,始発〜終車まで,無,無,無,無,有,有,無,
三田線 志村坂上,2022/1/31,1740056,131199,東京都,板橋区,志村一丁目14番13号,03-3968-4413,https://www.kotsu.metro.tokyo.jp/subway/stations/shimura-sakaue.html,35.732303,139.2261483,無,,無,,有,3,,,,無,無,無,,,,,,,,,,,,,,,,,,,,,,,,,,,,,,無,無,,無,,有,有,有,有,有,有,1,B2F,有,1,B2F,有,無,有,無,,無,,無,,有,,無,,有,,無,,無,,無,,無,,無,,無,,無,,無,,有,1,無,,無,,有,始発〜終車まで,無,無,無,無,有,有,無,
高尾登山電鉄 清滝駅,2022/1/23,1930844,132012,東京都,八王子市,高尾町2205,042-661-4151,https://www.takaotozan.co.jp/,35.6693788,139.3611766,無,,無,,無,,,,,無,無,無,,,,,,,,,,,,,,,,,,,,,,,,,,,,,,無,無,,無,,無,有,無,有,無,有,1,1F,無,,,無,無,有,無,,無,,無,,有,1,無,,無,,無,,無,,無,,無,,有,1,無,,無,,無,,有,1,無,,無,,有,始発〜終電,無,無,無,有,無,無,無,
三田線 志村三丁目,2022/1/31,1740056,131199,東京都,板橋区,志村三丁目23番1号,03-3968-4415,https://www.kotsu.metro.tokyo.jp/subway/stations/shimura-sanchome.html,35.685518,139.3666807,無,,無,,有,2,,,,無,無,無,,,,,,,,,,,,,,,,,,,,,,,,,,,,,,無,無,,無,,有,有,有,有,有,有,1,1F,有,3,1F,有,無,有,無,,無,,無,,有,,無,,有,,無,,無,,無,,無,,無,,無,,無,,無,,有,1,無,,無,,有,始発〜終車まで,無,無,無,無,有,有,無,
三田線 蓮根,2022/1/31,1740046,131199,東京都,板橋区,蓮根二丁目31番30号,03-3968-4417,https://www.kotsu.metro.tokyo.jp/subway/stations/hasune.html,35.7714869,139.3445394,無,,無,,有,1,,,,無,無,無,,,,,,,,,,,,,,,,,,,,,,,,,,,,,,無,無,,無,,有,有,有,有,有,有,1,1F,有,3,1F,有,無,有,無,,無,,無,,有,,無,,有,,無,,無,,無,,無,,無,,無,,無,,無,,有,1,無,,無,,有,始発〜終車まで,無,無,無,無,有,有,無,
三田線 西台,2022/1/31,1750082,131199,東京都,板橋区,高島平九丁目1番1号,03-3931-3600,https://www.kotsu.metro.tokyo.jp/subway/stations/nishidai.html,35.6974952,139.7837947,無,,無,,有,2,,,,無,無,無,,,,,,,,,,,,,,,,,,,,,,,,,,,,,,無,無,,無,,有,有,有,有,有,有,1,1F,有,1,1F,有,無,有,無,,無,,無,,有,,無,,有,,無,,無,,無,,無,,無,,無,,無,,無,,有,1,無,,無,,有,始発〜終車まで,無,無,無,無,有,有,無,
三田線 高島平,2022/1/31,1750082,131199,東京都,板橋区,高島平八丁目2番1号,03-3931-3491,https://www.kotsu.metro.tokyo.jp/subway/stations/takashimadaira.html,35.6974948,139.7772286,無,,無,,有,2,,,,無,無,無,,,,,,,,,,,,,,,,,,,,,,,,,,,,,,無,無,,無,,有,有,有,有,有,有,1,1F,有,1,1F,有,無,有,無,,無,,無,,有,,無,,有,,無,,無,,無,,無,,無,,無,,無,,無,,有,2,無,,無,,有,始発〜終車まで,無,無,無,無,有,有,無,
三田線 新高島平,2022/1/31,1750082,131199,東京都,板橋区,高島平七丁目1番,03-3938-4681,https://www.kotsu.metro.tokyo.jp/subway/stations/shin-takashimadaira.html,35.6967393,139.8122948,無,,無,,有,2,,,,無,無,無,,,,,,,,,,,,,,,,,,,,,,,,,,,,,,無,無,,無,,有,有,有,有,有,有,1,1F,有,3,1F,有,無,有,無,,無,,無,,有,,無,,有,,無,,無,,無,,無,,無,,無,,無,,無,,有,2,無,,無,,有,始発〜終車まで,無,無,無,無,有,有,無,
高尾登山電鉄 高尾山駅,2022/1/23,1930844,132012,東京都,八王子市,高尾町2205,042-661-4151,https://www.takaotozan.co.jp/,35.6693788,139.3611766,無,,無,,有,1,11,210,88,有,有,有,,,,,,,,,,,,,,,,,,,,,,,,,,,,,,無,無,,無,,有,無,無,有,無,有,1,1F,無,,,無,無,有,無,,無,,無,,有,1,無,,無,,無,,無,,無,,無,,有,1,無,,無,,無,,有,1,無,,無,,有,始発〜終電,無,無,無,有,無,無,無,
三田線 西高島平,2022/1/31,1750082,131199,東京都,板橋区,高島平六丁目1番,03-3938-4688,https://www.kotsu.metro.tokyo.jp/subway/stations/nishi-takashimadaira.html,35.7063649,139.8402012,無,,無,,有,2,,,,無,無,無,,,,,,,,,,,,,,,,,,,,,,,,,,,,,,無,無,,無,,有,有,有,有,有,有,1,1F,有,3,1F,有,無,有,無,,無,,無,,有,,無,,有,,無,,無,,無,,無,,無,,無,,無,,無,,有,2,無,,無,,有,始発〜終車まで,無,無,無,無,有,有,無,
新宿線 本八幡,2022/1/31,2720021,133817,千葉県,市川市,八幡二丁目16番13号,047-324-5000,https://www.kotsu.metro.tokyo.jp/subway/stations/motoyawata.html,35.7174462,139.8564425,無,,無,,有,1,,,,無,無,無,,,,,,,,,,,,,,,,,,,,,,,,,,,,,,無,無,,無,,有,有,有,有,有,有,1,,有,2,,有,無,有,無,,無,,無,,有,,無,,有,,無,,無,,無,,無,,有,,無,,無,,無,,有,1,無,,無,,有,,無,無,無,無,有,有,無,
大江戸線 東新宿,2022/1/31,1600022,131041,東京都,新宿区,新宿七丁目27番3号,03-3202-0572,https://www.kotsu.metro.tokyo.jp/subway/stations/higashi-shinjuku.html,35.7333105,139.8797813,無,,無,,有,2,,,,無,無,無,,,,,,,,,,,,,,,,,,,,,,,,,,,,,,無,無,,無,,有,有,有,有,有,有,1,B2F,有,1,B2F,有,無,有,無,,無,,無,,有,,無,,有,,無,,無,,無,,無,,無,,無,,無,,無,,有,1,無,,無,,有,始発〜終車まで,無,無,無,無,有,有,無,
JR 高輪ゲートウェイ,2024/11/29,1080075,131032,東京都,港区,江南2丁目1番220号,,https://www.jreast.co.jp/estation/barrier-free/,35.69132917,139.6995728,無,,無,,有,,,,,無,無,無,,,,,,,,,,,,,,,,,,,,,,,,,,,,,,無,無,,無,,無,無,無,無,無,有,2,2F,有,2,2F,有,無,無,無,,無,,無,,無,,無,,無,,無,,無,,無,,無,,無,,無,,無,,無,,有,有,無,,無,,無,,無,無,無,無,無,無,有,
