緯度,経度,施設名称,所在地,水飲み栓設置場所,入場料等,タイプ
35.68909,139.76772,千代田合同庁舎（水道局千代田営業所）,千代田区内神田２－１－１２,２階,,ボトルディスペンサー型
35.67051,139.75482,内幸町駅（都営三田線）,千代田区内幸町２－２－３先,ホーム,有料,飲み口型
35.69606,139.77496,岩本町駅（都営新宿線）,千代田区神田岩本町１,ホーム,有料,飲み口型
35.69514,139.76611,小川町駅（都営新宿線）,千代田区神田小川町１－６,ホーム,有料,飲み口型
35.69561,139.75789,神保町駅（都営三田線）,千代田区神田神保町２－１,ホーム,有料,飲み口型
35.6957,139.7558,神保町駅（都営新宿線）,千代田区神田神保町２－７,ホーム,有料,飲み口型
35.69395,139.75354,千代田区役所本庁舎,千代田区九段南１－２－１,２～８・１０階,,飲み口型
35.69086,139.73755,市ヶ谷駅（都営新宿線）,千代田区九段南４－８－２２,ホーム,有料,飲み口型
35.6843,139.76355,大手町駅（都営三田線）,千代田区丸の内１－３－１先,ホーム,有料,飲み口型
35.67685,139.76387,東京国際フォーラム,千代田区丸の内３－５－１,地上広場,,ボトルディスペンサー型
35.67584,139.76076,日比谷駅（都営三田線）,千代田区有楽町１－１３－１先,ホーム,有料,飲み口型
35.65879,139.77753,勝どき駅（都営大江戸線）,中央区勝どき２－１０－１５先,ホーム,有料,飲み口型
35.67563,139.77243,宝町駅（都営浅草線）,中央区京橋２－１３－１１先,ホーム,有料,飲み口型
35.67026,139.76729,東銀座駅（都営浅草線）,中央区銀座４－１０－１０先,ホーム,有料,飲み口型
35.6655,139.76682,築地市場駅（都営大江戸線）,中央区築地５－１－２,ホーム,有料,飲み口型
35.66376,139.78331,月島駅（都営大江戸線）,中央区月島１－５－４先,ホーム,有料,飲み口型
35.68212,139.77559,日本橋駅（都営浅草線）,中央区日本橋１－１３－１先,ホーム,有料,飲み口型
35.68666,139.78159,人形町駅（都営浅草線）,中央区日本橋人形町３－７－１３,ホーム,有料,飲み口型
35.68722,139.78883,浜町駅（都営新宿線）,中央区日本橋浜町２－５９－３,ホーム,有料,飲み口型
35.69177,139.78232,馬喰横山駅（都営新宿線）,中央区日本橋横山町４－１３,ホーム,有料,飲み口型
35.69218,139.78448,東日本橋駅（都営浅草線）,中央区東日本橋３－１１－８先,ホーム,有料,飲み口型
35.66605,139.76854,築地社会教育会館,築地4丁目15番1号,２階廊下,,飲み口型
35.68461,139.78142,日本橋社会教育会館,中央区日本橋人形町1丁目1番17号　日本橋小学校等複合施設　地下2階,８階ホールロビー,,飲み口型
35.66207,139.78218,月島社会教育会館,中央区月島4丁目1番1号　月島区民センター　4・5階,４階給湯室,,飲み口型
35.65868,139.78584,"月島社会教育会館晴海分館
「アートはるみ」",中央区晴海1丁目4番1号　月島第三小学校等複合施設地下１階,B1階ロビー,,ボトルディスペンサー型・飲み口型
35.65213,139.7756,晴海地域交流センター「はるみらい」,中央区晴海5-2-3,1階・4階,,飲み口型
35.671665,139.725228,赤坂図書館,港区青山１－３－３青山１丁目タワー３階,多目的ホール入り口前・消火栓横,,飲み口型
35.66602,139.73221,六本木駅（都営大江戸線）,港区赤坂９－７－３９,ホーム,有料,飲み口型
35.65704,139.73485,麻布十番駅（都営大江戸線）,港区麻布十番１－４－６,ホーム,有料,飲み口型
35.67305,139.72321,青山一丁目駅（都営大江戸線）,港区北青山１－２－４,ホーム,有料,飲み口型
35.63432,139.74632,芝浦中央公園運動場,港区港南１－４－１,,,飲み口型
35.63351,139.74942,港南図書館,港区港南３－３－１７,２・３階,,飲み口型
35.64806,139.74849,三田駅（都営三田線）,港区芝５－１８－８,ホーム,有料,飲み口型
35.64705,139.745,"三田図書館
（郷土資料館）",港区芝５－２８－４,１・２・３階,,飲み口型
35.64587,139.7467,三田駅（都営浅草線）,港区芝５－３４－１０,ホーム,有料,飲み口型
35.64806,139.74849,港勤労福祉会館,港区芝５ー１８ー２,１・２階冷水器,,飲み口型
35.6462,139.75166,港区スポーツセンター,港区芝浦１－１６－１みなとパーク芝浦内,３・４・５・８階,,飲み口型
35.66101,139.74997,みなと図書館,港区芝公園３－２－２５,地下１階,,飲み口型
35.66101,139.74493,芝給水所公園運動場,港区芝公園３－６－７,,,飲み口型
35.65598,139.74625,芝公園駅（都営三田線）,港区芝公園４－８－１４,ホーム,有料,飲み口型
35.6319,139.72984,高輪台駅（都営浅草線）,港区白金台２－２６－７先,ホーム,有料,飲み口型
35.6655,139.75911,新橋駅（都営浅草線）,港区新橋２－２１－１先,ホーム,有料,飲み口型
35.637836,139.732901,高輪図書館,"港区高輪１－２５－５
高輪コミュティーぷらざ３階",３・４階フロア,,飲み口型
35.63874,139.73901,泉岳寺駅（都営浅草線）,港区高輪２－１６－３４,ホーム,有料,飲み口型
35.66145,139.75108,御成門駅（都営三田線）,港区西新橋３－２４－６,ホーム,有料,飲み口型
35.65767,139.75513,大門駅（都営浅草線）,港区浜松町１－２７－１２,ホーム,有料,飲み口型
35.65564,139.75557,大門駅（都営大江戸線）,港区浜松町２－３－４,ホーム,有料,飲み口型
35.65528,139.74382,赤羽橋駅（都営大江戸線）,港区東麻布１－２８－１３,ホーム,有料,飲み口型
35.6625,139.76089,汐留駅（都営大江戸線）,港区東新橋１－９－１先,ホーム,有料,飲み口型
35.6546,139.74344,水道局港営業所,港区三田１－３－２７,１階,,飲み口型
35.66946,139.71848,青山運動場,港区南青山２－２１－１２,,,飲み口型
35.66407,139.71657,青山生涯学習館,港区南青山４－１９－７,２階給湯室,,ボトルディスペンサー型
35.6522,139.72585,都立中央図書館,港区南麻布５ー７ー１３,１・４・５階,,飲み口型
35.65275,139.72752,麻布運動場,港区南麻布５－６－３３,,,飲み口型
35.65759,139.73499,麻布図書館,港区六本木５－１２－２４,５階,,飲み口型
35.69057,139.70596,新宿三丁目駅（都営新宿線）,新宿区新宿３－３－２,ホーム,有料,飲み口型
35.69441,139.70663,新宿区役所第二分庁舎,新宿区新宿５－１８－２１,１・２・３階,,飲み口型
35.69441,139.70663,新宿区役所第二分庁舎分館,新宿区新宿５－１８－２１,１・２階,,飲み口型
35.69921,139.70808,東新宿駅（都営大江戸線）,新宿区新宿７－２７－３,ホーム,有料,飲み口型
35.67805,139.71486,国立競技場駅（都営大江戸線）,新宿区霞ヶ丘町１０－３,ホーム,有料,飲み口型
35.69392,139.70345,新宿区役所本庁舎,新宿区歌舞伎町１－４－１,４・５・６・７階,,飲み口型
35.71432,139.68677,中井駅（都営大江戸線）,新宿区上落合２－２０－８,ホーム,有料,飲み口型
35.69818,139.71794,若松河田駅（都営大江戸線）,新宿区河田町１０－１０,ホーム,有料,飲み口型
35.69255,139.7229,曙橋駅（都営新宿線）,新宿区住吉町７－１,ホーム,有料,飲み口型
35.7006,139.73444,牛込神楽坂駅（都営大江戸線）,新宿区箪笥町１５,ホーム,有料,飲み口型
35.68752,139.71463,"四谷区民センター
（水道局新宿営業所）",新宿区内藤町８７,３・４階,,飲み口型
35.72285,139.68306,落合南長崎駅（都営大江戸線）,新宿区西落合３－１－１８,ホーム,有料,飲み口型
35.69337,139.69804,新宿西口駅（都営大江戸線）,新宿区西新宿１－３－１７,ホーム,有料,飲み口型
35.68963,139.69177,東京都庁第１本庁舎,新宿区西新宿２－８－１,４５階　北側・南側展望室,,ボトルディスペンサー型・飲み口型
35.68963,139.69177,都議会議事堂,新宿区西新宿２－８－１,１階トイレ前・２階ＰＲコーナー・７階,,飲み口型
35.68963,139.69177,東京都庁第２本庁舎,新宿区西新宿２－８－１,１・２階,,ボトルディスペンサー型・飲み口型
35.68963,139.69177,都庁前駅（都営大江戸線）,新宿区西新宿２－８－１,ホーム,有料,飲み口型
35.68964,139.68375,西新宿五丁目駅（都営大江戸線）,新宿区西新宿５－２５－９,ホーム,有料,飲み口型
35.70058,139.724,牛込柳町駅（都営大江戸線）,新宿区原町２－３２,ホーム,有料,飲み口型
35.68814,139.71989,消防防災資料センター,新宿区四谷３－１０,地下１・１・３～６・７・１０階,,飲み口型
35.72109,139.73674,スポーツセンター,文京区大塚３－２９－２,１・２・３・４階,,ボトルディスペンサー型・飲み口型
35.72417,139.73094,大塚公園集会所,文京区大塚４－４９－２,１階エントランス,,飲み口型
35.70794,139.75278,春日駅（都営大江戸線）,文京区春日１－１６－１７,ホーム,有料,飲み口型
35.71185,139.75011,礫川地域活動センター,文京区小石川２－１８－１８,１階ロビー,,飲み口型
35.70528,139.75171,水道橋駅（都営三田線）,文京区後楽１－３－４２先,ホーム,有料,飲み口型
35.70355,139.74672,飯田橋駅（都営大江戸線）,文京区後楽１－９－５,ホーム,有料,飲み口型
35.72714,139.74518,千石駅（都営三田線）,文京区千石１－２９－１３,ホーム,有料,飲み口型
35.72089,139.75168,白山駅（都営三田線）,文京区白山５－３６－１０,ホーム,有料,飲み口型
35.70711,139.76016,本郷三丁目駅（都営大江戸線）,文京区本郷２－４０－８,ホーム,有料,飲み口型
35.70344,139.76006,東京都水道歴史館,文京区本郷２－７－１,１階ラウンジ・２階公苑側休憩所,,ボトルディスペンサー型・飲み口型
35.70855,139.75456,区民センター,文京区本郷４－１５－１４,２・３・４階（冷水器）,,飲み口型
35.70855,139.75456,春日駅（都営三田線）,文京区本郷４－１５－１６,ホーム,有料,飲み口型
35.70817,139.76254,総合体育館,文京区本郷７－１－２,地下１階、１階、２階,,飲み口型
35.72842,139.75243,駒込地域活動センター,文京区本駒込３－２２－４,１階エントランス,,飲み口型
35.7332,139.7554,文京区勤労福祉会館,文京区本駒込４－３５－１５,１階ロビー,,飲み口型
35.71748,139.75783,向丘地域活動センター,文京区向丘１－２０－８,１階廊下,,飲み口型
35.72475,139.74319,大原地域活動センター,文京区千石１－４－３,１階ロビー,,飲み口型
35.71921,139.764245,不忍通りふれあい館,文京区文京区根津２－２０－７,１階,,飲み口型
35.7126,139.77994,台東区役所,台東区東上野4-5-6,２・４・５・７・９・１０階,,飲み口型
35.70722,139.77516,上野御徒町駅（都営大江戸線）,台東区上野５－２６－６,ホーム,有料,飲み口型
35.70231,139.79016,蔵前駅（都営浅草線）,台東区蔵前２－３－１,ホーム,有料,飲み口型
35.70855,139.79547,浅草駅（都営浅草線）,台東区駒形１－１２－１４,ホーム,有料,飲み口型
35.70584,139.79214,蔵前駅（都営大江戸線）,台東区寿３－３－１,ホーム,有料,飲み口型
35.70719,139.78244,新御徒町駅（都営大江戸線）,台東区元浅草１－５－２,ホーム,有料,飲み口型
35.69761,139.78613,浅草橋駅（都営浅草線）,台東区浅草橋１－１８－１１,ホーム,有料,飲み口型
35.71038,139.79654,浅草文化観光センター,台東区雷門２－１８－９,並木通り側出入口付近,,ボトルディスペンサー型
35.71697,139.77049,恩賜上野動物園,台東区上野公園９ー８３,さるやまキッチン,有料,ボトルディスペンサー型
35.70389,139.81497,本所都民防災教育センター,墨田区横川４－６－６,１・２・３・４・５階,,飲み口型
35.70884,139.80492,本所吾妻橋駅（都営浅草線）,墨田区吾妻橋３－７－１６先,ホーム,有料,飲み口型
35.68868,139.80635,菊川駅（都営新宿線）,墨田区菊川３－１６－２,ホーム,有料,飲み口型
35.69057,139.79544,水道局墨田営業所,墨田区千歳２－２－１１,１階,,飲み口型
35.69644,139.79587,両国駅（都営大江戸線）,墨田区横網１－４－２９,ホーム,有料,飲み口型
35.63304,139.78412,有明スポーツセンター,江東区有明２－３－５,Ａ棟７階・Ｂ棟３階,,ボトルディスペンサー型・飲み口型
35.63063,139.78513,東京都水の科学館,江東区有明３－１－８,１・２・３階エレベーター前,,ボトルディスペンサー型・飲み口型
35.65753,139.80211,深川南部保健相談所,江東区枝川１－８－１５－１０２,１階,,飲み口型
35.67065,139.79199,深川スポーツセンター,江東区越中島１－２－１８　,１・２・３・４階,,ボトルディスペンサー型・飲み口型
35.68265,139.81425,小松橋出張所・区民館,江東区扇橋２－１－５,２階,,飲み口型
35.68417,139.82024,男女共同参画推進センター,江東区扇橋３－２２－２,１・３階,,飲み口型
35.68982,139.82574,西大島駅（都営新宿線）,江東区大島２－４１－１９,ホーム,有料,飲み口型
35.68932,139.83414,大島駅（都営新宿線）,江東区大島５－１０－８,ホーム,有料,飲み口型
35.693,139.84024,江東区　大島児童館,江東区大島７－２８－１－１０４,１階,,飲み口型
35.69016,139.845,東大島駅（都営新宿線）,江東区大島９－３－１４,ホーム,有料,飲み口型
35.7003,139.82063,江東区亀戸野球場庭球場,江東区亀戸２－６－５０,上階,,飲み口型
35.69795,139.82028,亀戸児童館,江東区亀戸２－１－１９,１階,,飲み口型
35.6968,139.83957,亀戸第三児童館,江東区亀戸７－３９－９,３階,,飲み口型
35.70162,139.83598,亀戸スポーツセンター,江東区亀戸８－２２－１,地下１階・１・２・３階,,飲み口型
35.68434,139.82158,スポーツ会館,江東区北砂１－２－９,１・２・３階,,ボトルディスペンサー型・飲み口型
35.67756,139.82854,砂町出張所・区民館,江東区北砂４－７－３,１階,,飲み口型
35.66123,139.80518,塩浜児童館,江東区塩浜２－５－２０,２階,,飲み口型
35.65531,139.80975,江東区潮見野球場庭球場,江東区潮見１－１－１,１階,,飲み口型
35.65589,139.81343,江東区環境学習情報館,江東区潮見１ー２９－７,２階,,飲み口型
35.64365,139.79816,東雲児童館,江東区東雲２－４－４－１０２,１階,,飲み口型
35.6832,139.79881,清澄白河駅（都営大江戸線）,江東区白河１－７－１４,ホーム,有料,飲み口型
35.66859,139.82344,水道局東部第一支所,江東区新砂１－７－２,１階,,飲み口型
35.656953,139.833881,江東区新砂運動場,"江東区新砂３－９－１
（砂町水再生センター内）",１階,,ボトルディスペンサー型・飲み口型
35.68934,139.81606,住吉駅（都営新宿線）,江東区住吉２－２３－１２,ホーム,有料,飲み口型
35.65128,139.81482,東京アクアティクスセンター,江東区辰巳２－２－１,１階,,飲み口型
35.66642,139.81459,江東区健康センター,江東区東陽２－１－１,２・３階,,飲み口型
35.67411,139.81239,高齢者総合福祉センター,江東区東陽６－２－１７,１・２・３階,,飲み口型
35.67309,139.81746,江東区役所,江東区東陽４－１１－２８,２～９階,,飲み口型
35.67461,139.81099,江東区豊住庭球場,江東区東陽６－１－１３,１階,,ボトルディスペンサー型・飲み口型
35.67191,139.79875,富岡出張所・区民館,江東区富岡１－１６－１２,１階,,飲み口型
35.6725,139.79884,深川庭球場,江東区富岡１－１７－９,１階,有料,ボトルディスペンサー型・飲み口型
35.68305,139.83936,江東区東砂庭球場,江東区東砂１－２－１３,１階,,飲み口型
35.6857,139.84155,東砂第二児童館,江東区東砂２－１３－１３,２・３階,,飲み口型
35.67935,139.84431,江東区荒川砂町庭球場,江東区東砂３－２８－１３,１階,,ボトルディスペンサー型・飲み口型
35.67968,139.83929,東砂スポーツセンター,江東区東砂４－２４－１,地下１階・２階,,ボトルディスペンサー型・飲み口型
35.67675,139.80672,深川北スポーツセンター,江東区平野３－２－２０,１・２階,,ボトルディスペンサー型・飲み口型
35.6719,139.82301,南砂児童館,江東区南砂２－３－１７,１階,,飲み口型
35.67979,139.80807,東京都現代美術館,江東区三好４－１－１,地下２階・地下１階・１・２・３階,一部有料,飲み口型
35.68822,139.79781,森下駅（都営新宿線）,江東区森下１－１３－１０,ホーム,有料,飲み口型
35.6878,139.79871,森下駅（都営大江戸線）,江東区森下２－１７－１７,ホーム,有料,飲み口型
35.67243,139.79536,門前仲町駅（都営大江戸線）,江東区門前仲町２－５－２先,ホーム,有料,飲み口型
35.6486,139.8237,江東区夢の島野球場,江東区夢の島１－１－１,１階,,ボトルディスペンサー型・飲み口型
35.6486,139.8237,江東区夢の島競技場,江東区夢の島１－１－２,１階,,ボトルディスペンサー型・飲み口型
35.65083,139.82594,夢の島熱帯植物館,江東区夢の島２－１－２,エントランス・カフェ,,ボトルディスペンサー型・飲み口型
35.67184,139.83594,江東図書館,江東区南砂６－７－５２,１階・２階,,飲み口型
35.6545,139.79475,豊洲図書館,江東区豊洲2-2-18,江東区豊洲シビックセンター9階・10階,,飲み口型
35.66763,139.81815,東陽図書館,東陽2-3-6（教育センター）,1階,,飲み口型
35.64363,139.80354,東雲図書館,江東区東雲2－7－5－201（トミンタワー東雲2階）,2階,,飲み口型
35.67995,139.79788,深川図書館,江東区清澄　3-3-39,1階,,飲み口型
35.68762,139.8123,江東区こどもプラザ,江東区住吉1-9-8,1階、2階、3階、4階（5階）※5階は水を止めているため使用不可,,飲み口型
35.62982,139.79445,東京ビッグサイト,江東区有明３－１１－１,西展示棟１階アトリウムトイレ脇,,ボトルディスペンサー型
35.61442,139.70163,荏原区民センター,品川区荏原５ー６ー５,１階ロビー,,ボトルディスペンサー型
35.60458,139.72977,一本橋児童センター,品川区大井２－２５－１,児童センター内,,飲み口型
35.60184,139.73378,大井倉田児童センター,品川区大井４－１１－３４,児童センター内,,飲み口型
35.59817,139.72887,滝王子児童センター,品川区大井５－１９－１４,児童センター内,,飲み口型
35.59817,139.72887,大井図書館,品川区大井５－１９－１４,１階図書館内,,飲み口型
35.61905,139.72458,大崎図書館分館,品川区大崎３－１２－２２,地下１階図書館内,,飲み口型
35.61689,139.74237,品川図書館,品川区北品川２－３２－３,４階図書館内,,飲み口型
35.61884,139.74411,北品川児童センター,品川区北品川２－７－２１,児童センター内,,飲み口型
35.62324,139.73166,大崎図書館,品川区北品川５－２－１,２階図書館内,,飲み口型
35.61963,139.73285,小関児童センター,品川区北品川５－８－１５,児童センター内,,飲み口型
35.62147,139.71176,中原児童センター,品川区小山１－４－１,児童センター内,,飲み口型
35.62122,139.7093,後地児童センター,品川区小山２－９－１９,児童センター内,,飲み口型
35.61412,139.71651,戸越駅（都営浅草線）,品川区戸越３－４－１７,ホーム,有料,飲み口型
35.60715,139.7155,大原児童センター,品川区戸越６－１６－１,児童センター内,,飲み口型
35.61145,139.72211,ゆたか図書館,品川区豊町１－１７－７,１・２階図書館内,,飲み口型
35.61221,139.71085,荏原文化センター,品川区中延１－９－１５,２階,,飲み口型
35.60546,139.71014,源氏前図書館,品川区中延４－１４－１７,３階図書館内,,飲み口型
35.59996,139.71771,伊藤児童センター,品川区西大井６－１３－１,児童センター内,,飲み口型
35.60092,139.71378,冨士見台児童センター,品川区西大井６－１－８,児童センター内,,飲み口型
35.62205,139.71658,五反田図書館,品川区西五反田６－５－１,２階図書館内,,飲み口型
35.61399,139.72658,三ツ木児童センター,品川区西品川２－６－１３,児童センター内,,飲み口型
35.61238,139.70831,中延児童センター,品川区西中延１－６－１６,児童センター内,,飲み口型
35.61131,139.70712,水道局品川営業所,品川区西中延１－９－１０,１階,,飲み口型
35.60726,139.70827,西中延児童センター,品川区西中延３－８－５,児童センター内,,飲み口型
35.60385,139.7003,旗の台児童センター,品川区旗の台５－１９－５,児童センター内,,飲み口型
35.60352,139.74173,東大井児童センター,品川区東大井１－２２－１６,児童センター内,,飲み口型
35.62615,139.72377,五反田駅（都営浅草線）,品川区東五反田１－２６－２,ホーム,有料,飲み口型
35.62427,139.72833,総合体育館,品川区東五反田２－１１－２,地下２階,,飲み口型
35.62775,139.72345,東五反田児童センター,品川区東五反田５－２４－１,児童センター内,,飲み口型
35.61913,139.74596,東品川児童センター,品川区東品川１－３４－９,児童センター内,,飲み口型
35.620554,139.749267,天王洲公園,"品川区東品川２－５－４２
～２－６－２３",クラブハウス１階ロビー,,飲み口型
35.60784,139.71361,東中延児童センター,品川区東中延２－５－１０,児童センター内,,飲み口型
35.60656,139.71338,中延駅（都営浅草線）,品川区東中延２－９－１２,ホーム,有料,飲み口型
35.61859,139.71733,平塚児童センター,品川区平塚２－２－３,児童センター内,,飲み口型
35.6078,139.72672,二葉図書館,品川区二葉１－４－２５,２階図書館内,,飲み口型
35.59172,139.7343,南大井児童センター,品川区南大井３－７－１３,児童センター内,,飲み口型
35.59172,139.7343,南大井図書館,品川区南大井３－７－１３,４階図書館内,,飲み口型
35.59551,139.73419,水神児童センター,品川区南大井５－１３－１９,児童センター内,,飲み口型
35.6139,139.73991,南品川児童センター,品川区南品川４－５－２８,児童センター内,,飲み口型
35.59938,139.75262,八潮児童センター,品川区八潮５－１０－２７,児童センター内,,飲み口型
35.61148,139.72275,ゆたか児童センター,品川区豊町１－１８－１５,児童センター内,,飲み口型
35.61019,139.72151,戸越体育館,品川区豊町２－１－１７,１階ロビー・２階,,飲み口型
35.60647,139.72116,南ゆたか児童センター,品川区豊町４－１７－２１,児童センター内,,飲み口型
35.59938,139.75262,八潮図書館,品川区八潮５－１０－２７,３階図書館内,,飲み口型
35.64108,139.69838,目黒区総合庁舎,目黒区上目黒２－１９－１５,本館１・２・３階、別館２階,,飲み口型
35.63204,139.69209,中央町さくらプラザ,目黒区中央町２－４－１８,１階ロビー,,飲み口型
35.6329,139.69266,水道局目黒営業所,目黒区中町２－４３－１８,１階,,飲み口型
35.64754,139.68495,東山社会教育館,目黒区東山３－２４－２,２階ロビー,,飲み口型
35.62722,139.68137,碑文谷体育館,目黒区碑文谷６－１２－４３,１階体育室口ホール,,ボトルディスペンサー型・飲み口型
35.60915,139.67346,緑が丘文化会館,目黒区緑が丘２－１４－２３,１・２・３階,,飲み口型
35.6092,139.67447,緑が丘文化会館別館,目黒区緑が丘２－７－２０,１・２階,,飲み口型
35.63549,139.70818,目黒区民センター社会教育館,目黒区目黒２－４－３６,６階,,飲み口型
35.63549,139.70818,目黒区民センター体育館,目黒区目黒２－４－３６,１階トレーニング室・３階ロビー・地下プール,有料,飲み口型
35.62535,139.69501,目黒本町社会教育館,目黒区目黒本町２－１－２０,３階ロビー,,飲み口型
35.61893,139.69901,中央体育館,目黒区目黒本町５－２２－８,１・２・３・４階,,飲み口型
35.64187,139.71381,東京都写真美術館,目黒区三田１－１３－３,地下１階トイレ前・２階トイレ前・３階トイレ前,,飲み口型
35.56684,139.74635,大森東特別出張所,大田区大森南４－９－１,１階ロビー,,飲み口型
35.58083,139.7377,大森スポーツセンター,大田区大森本町２－２－５,地下２・１階,,飲み口型
35.56125,139.71576,大田区役所本庁舎,大田区蒲田５－１３－１４,１階ロビー,,ボトルディスペンサー型・飲み口型
35.59747,139.71179,馬込駅（都営浅草線）,大田区北馬込２－３１－９,ホーム,有料,飲み口型
35.58021,139.69395,久が原特別出張所,大田区久が原４－１２－１０,１階,,飲み口型
35.57988,139.72,新井宿特別出張所,大田区中央１－２１－６,１階,,飲み口型
35.58739,139.6768,嶺町文化センター,大田区田園調布本町７－１,１階,,飲み口型
35.58295,139.75911,大田市場,大田区東海３－２－１,事務棟２階展示室,,飲み口型
35.55892,139.73625,糀谷文化センター,大田区西糀谷２－１４－５,１階,,飲み口型
35.58767,139.70607,西馬込駅（都営浅草線）,大田区西馬込２－１－６,ホーム,有料,飲み口型
35.56444,139.72792,大田区総合体育館,大田区東蒲田１ー１１ー１,地下１階,,飲み口型
35.57488,139.6853,鵜の木特別出張所,大田区南久が原２－３０－５,地下１階,,飲み口型
35.62975,139.6111,総合運動場温水プール,世田谷区大蔵4－6－1,地下２階男女更衣室・１階男女更衣室前,一部有料,飲み口型
35.62975,139.6111,総合運動場体育館,世田谷区大蔵4－6－1,地下１階ロビー,,ボトルディスペンサー型・飲み口型
35.62975,139.6111,総合運動場陸上競技場,世田谷区大蔵4－6－1,１階エントランス,,ボトルディスペンサー型・飲み口型
35.63108,139.6142,大蔵第二運動場,世田谷区大蔵４－７－１,トレーニングルーム・ゴルフ練習場,一部有料,飲み口型
35.6255,139.61967,岡本地区会館,世田谷区岡本１－２５－４,入口ロビー,,飲み口型
35.60515,139.65414,尾山台地域体育館,世田谷区尾山台３－１９－３,１階ロビー（アリーナ入口）,,飲み口型
35.62247,139.61351,鎌田区民センター,世田谷区鎌田３－３５－１,１階入口ロビー・地下１階図書館入口付近,,飲み口型
35.62096,139.59575,砧野球場・サッカー場,世田谷区喜多見１－１２－２,１階ロビー,,飲み口型
35.64575,139.62364,桜丘区民センター別館,世田谷区桜丘２－２２－１,１階,,飲み口型
35.64478,139.62202,桜丘区民センター,世田谷区桜丘５－１４－１,地下１階・１階,,飲み口型
35.64149,139.67621,下馬図書館,世田谷区下馬２－３２－１,１階フロア,,飲み口型
35.6426,139.60402,砧図書館,世田谷区祖師谷３－１０－４,１・２階,,飲み口型
35.6433,139.67346,水道局世田谷営業所,世田谷区太子堂１－１３－１３,２階,,飲み口型
35.65368,139.6122,千歳台地区会館,世田谷区千歳台３－３１－９,１階入口ロビー,,飲み口型
35.63689,139.65196,弦巻区民センター,世田谷区弦巻１－２６－１１,地下１階・１・２・３階,,飲み口型
35.63776,139.64438,中央図書館,世田谷区弦巻３－１６－８,１階図書館内,,飲み口型
35.63776,139.64438,教育会館,世田谷区弦巻３－１６－８,１階ロビー,,飲み口型
35.65913,139.62111,希望丘地域体育館,世田谷区船橋６－２５－１,１階廊下・３階自動販売機横,,ボトルディスペンサー型・飲み口型
35.65862,139.6176,千歳温水プール,世田谷区船橋７－９－１,２階,有料,飲み口型
35.66722,139.60875,世田谷文学館,世田谷区南烏山１－１０－１０,１階,,飲み口型
35.66868,139.60066,烏山図書館,世田谷区南烏山６－２－１９,４階図書館入口,,飲み口型
35.64774,139.64473,宮坂区民センター,世田谷区宮坂１－２４－６,地階,,飲み口型
35.65248,139.64018,経堂図書館,世田谷区宮坂３－１－３０,１階,,飲み口型
35.63184,139.62123,砧公園,世田谷区砧公園１－１,サービスセンター前,,ボトルディスペンサー型
35.66891,139.68686,富ヶ谷図書館,渋谷区上原１－４６－２,誰でもトイレ入口,,飲み口型
35.66637,139.67903,上原社会教育館,渋谷区上原３－１３－８,地下１階・２階,,飲み口型
35.66415,139.69789,渋谷区役所,渋谷区宇田川町１－１,１～１５階,,ボトルディスペンサー型・飲み口型
35.64554,139.72012,恵比寿社会教育館,渋谷区恵比寿２－２７－１８,地下１階,,飲み口型
35.64713,139.70622,長谷戸社会教育館,渋谷区恵比寿西１－２３－４,１階,,飲み口型
35.655859,139.700121,こもれび大和田図書館,"渋谷区桜丘町２３－２１
文化総合センター大和田２階",児童用トイレ前,,飲み口型
35.673767,139.668145,笹塚図書館,"渋谷区笹塚１－４７－１
メルクマール京王笹塚４階",カウンター横,,飲み口型
35.67873,139.66975,笹塚こども図書館,渋谷区笹塚３－３－１,２階窓口前,,飲み口型
35.66185,139.70392,美竹の丘・しぶや,渋谷区渋谷１－１８－９,１階総合案内前・２階階段,,飲み口型
35.67241,139.70699,中央図書館,渋谷区神宮前1-4-1,１・２・３・４階,,飲み口型
35.67804,139.71001,千駄ヶ谷社会教育館,渋谷区千駄ヶ谷１－６－５,地下１階・１・２・３階,,飲み口型
35.67936,139.71217,東京体育館,渋谷区千駄ヶ谷１－１７－１,プール棟,有料,ボトルディスペンサー型・飲み口型
35.67532,139.68221,総合ケアコミュニティ・せせらぎ,渋谷区西原１－４０－１０,１・２階階段踊り場・２階正面玄関ＥＶ横,,飲み口型
35.67524,139.67783,西原図書館,渋谷区西原２－２８－９,２階検索機付近,,飲み口型
35.67931,139.68501,初台青年館,渋谷区初台１ー３３ー１０,４階,,飲み口型
35.67997,139.67787,幡ヶ谷社会教育館（一時使用休止中）,渋谷区幡ヶ谷２－５０－２,２・４階,,飲み口型
35.65636,139.70966,渋谷図書館,渋谷区東１－６－６,地下１階トイレ前・２階こども室入口,,飲み口型
35.65496,139.70737,リフレッシュ氷川,渋谷区東１－２６－２３,地下１階・３階,,飲み口型
35.65112,139.70973,ひがし健康プラザ,渋谷区東３－１４－１３,地下２階・地下１階・１・２階,,飲み口型
35.64917,139.71669,臨川みんなの図書館,渋谷区広尾１－９－１７,１階第３閲覧室廊下,,飲み口型
35.68076,139.68161,本町図書館,渋谷区本町１－３３－５,１階児童トイレ前、１階・２階一般トイレ前,,飲み口型
35.68945,139.68138,地域交流センター　二軒家,渋谷区本町３ー３５ー４,リラクゼーションルーム,,飲み口型
35.68232,139.67931,児童青少年センター,渋谷区本町６－６－２,Ｂ２階・Ｂ１階・１階各廊下・３階,,飲み口型
35.68382,139.70178,代々木駅（都営大江戸線）,渋谷区代々木１－３５－５,ホーム,有料,飲み口型
35.68591,139.69957,新宿駅（都営大江戸線）,渋谷区代々木２－１－１,ホーム,有料,飲み口型
35.68774,139.70221,東京観光情報センターバスタ新宿,渋谷区千駄ヶ谷5-24-55,バスタ新宿３階,,ボトルディスペンサー型
35.72551,139.67323,みずの塔ふれあいの家,中野区江古田１－９－２４,１階交流コーナー,,飲み口型
35.73184,139.67111,新江古田駅（都営大江戸線）,中野区江原町２－２９－１３,ホーム,有料,飲み口型
35.7223,139.63573,鷺宮スポーツ・コミュニティプラザ,中野区白鷺３－１－１３,１階体育館,,ボトルディスペンサー型
35.69766,139.68187,中野坂上駅（都営大江戸線）,中野区中央２－２－２８,ホーム,有料,飲み口型
35.70167,139.67798,水道局中野営業所,中野区中野１－５－７,１階,,飲み口型
35.70409,139.677,城山ふれあいの家,中野区中野１－２０－４,１階事務室前,,飲み口型
35.70912,139.66261,中野区役所,中野区中野4-11-19,１階,,ボトルディスペンサー型・飲み口型
35.70926,139.66521,中野区社会福祉会館,中野区中野５－６８－７,３、４階,,飲み口型
35.70717,139.6828,東中野駅（都営大江戸線）,中野区東中野３－８－１６,ホーム,有料,飲み口型
35.68792,139.66827,南部スポーツ・コミュニティプラザ,中野区弥生町５－１１－２６,１階ロビー,,ボトルディスペンサー型
35.71557,139.66228,中野区立総合体育館,中野区新井３－３７－７８,１階エントランスロビー、１階メインアリーナ前、２階ラウンジ奥、３階トレーニングルーム内,,ボトルディスペンサー型・飲み口型
35.70024,139.68262,東部区民活動センター,中野区中央２－１８－２１,２階ロビー,,飲み口型
35.70207,139.66731,桃園区民活動センター,中野区中央４－５７－１,地下1階・1階ロビー,,飲み口型
35.71163,139.67232,上高田区民活動センター,中野区上高田２－１１－１,地下1階・1階・2階,,飲み口型
35.71474,139.66371,新井区民活動センター,中野区新井３ー１１－４,１・２階ロビー,,飲み口型
35.72879,139.66972,江古田区民活動センター,中野区江原町２－３－１５,１・２階ロビー,,飲み口型
35.71838,139.65331,野方区民活動センター,中野区野方５－３ー１,１・２・３階,,飲み口型
35.69341,139.66783,鍋横区民活動センター,中野区本町５－４７－１３,１階ロビー,,飲み口型
35.72343,139.63985,鷺宮区民活動センター,中野区鷺宮３ー２２－５,１階,,飲み口型
35.73203,139.63293,上鷺宮区民活動センター,中野区上鷺宮3ー７－６,１階ロビー,,飲み口型
35.70449,139.66846,中野区産業振興センター,中野区中野２－１３－１４,１階エントランスロビー,,飲み口型
35.71736,139.65459,野方図書館,中野区野方3-19-5,１階ロビー,,飲み口型
35.68505,139.66577,南台図書館,中野区南台3-26-18,1階入口横,,飲み口型
35.72482,139.66896,江古田図書館,中野区江古田2-1-11,1階入口横,,飲み口型
35.71864,139.67455,上高田図書館,中野区上高田5-30-15,２階エレベーター前,,飲み口型
35.69867,139.68387,中野東図書館,中野区中央1-41-2,7階・8階・9階　階段横,,飲み口型
35.68719,139.67006,中央図書館みなみの小学校分室,中野区弥生町4-27-11,１階授乳室・トイレ前,,飲み口型
35.71418,139.64516,中央図書館美鳩小学校分室,中野区大和町4-26-5,１階エントランス,,飲み口型
35.69577,139.67749,中央図書館中野第一小学校分室,中野区本町3-16-1,１階書架横,,飲み口型
35.71729,139.67844,上高田運動施設,中野区上高田5-6-1,野球場（施設利用者のみ）,,飲み口型
35.70445,139.67172,もみじ山文化センター(本館),中野区中野2-9-7,B2階身障者用トイレ前、B1階図書館トイレ前、B1階図書館児童コーナー,,飲み口型
35.70445,139.67172,"もみじ山文化センター(本館)(※イベント来場者・主催者のみ）""",中野区中野2-9-7,2階ホワイエ2、3階楽屋男子シャワー室前,,飲み口型
35.70445,139.67172,"もみじ山文化センター(本館)（※ホール利用者のみ）""",中野区中野2-9-7,3階ホワイエ3,,飲み口型
35.70445,139.67172,もみじ山文化センター(西館),中野区中野2-9-7,B1階～4階の給湯室,,飲み口型
35.71838,139.65331,野方区民ホール,中野区野方5-3-1,B2階ホワイエ,,飲み口型
35.71159,139.63338,阿佐谷図書館,杉並区阿佐谷北３－３６－１４,１・２階,,飲み口型
35.70608,139.64175,阿佐谷地域区民センター,杉並区阿佐谷北１－１－１,1階,,飲み口型
35.67538,139.64604,水道局和泉合同庁舎,杉並区和泉３－８－１０,２階,,飲み口型
35.71557,139.59978,今川図書館,杉並区今川４－１２－１０,１階,,飲み口型
35.69718,139.65404,高円寺地域区民センター,杉並区梅里１－２２－３２,地下1階、1階、2階、3階,,ボトルディスペンサー型・飲み口型
35.66817,139.64296,永福PA上り,杉並区永福１－５,地下１階トイレ前,有料,飲み口型
35.69835,139.61908,荻窪地域区民センター,杉並区荻窪２－３４－２０,地下２階廊下・２階廊下,,飲み口型
35.70175,139.62665,中央図書館,杉並区荻窪３－４０－２３,１階・２階,,飲み口型
35.70299,139.62616,荻窪体育館,杉並区荻窪３－４７－２,地下１階自動販売機前・１階武道館入口,,飲み口型
35.72013,139.61208,柿木図書館,杉並区上井草１－６－１３,１階,,飲み口型
35.72386,139.60193,上井草スポーツセンター,杉並区上井草３－３４－１,地下１階・１階廊下,,飲み口型
35.68674,139.59929,久我山会館,杉並区久我山３－２３－２０,１階ロビー,,飲み口型
35.70089,139.65041,高円寺図書館,杉並区高円寺南２－４０－２４,２階,,ボトルディスペンサー型・飲み口型
35.70017,139.65408,高円寺体育館,杉並区高円寺南２－３６－３１,２階廊下身障者用トイレ前,,飲み口型
35.71828,139.6178,妙正寺体育館,杉並区清水３－２０－１２,地下１階・１階廊下,,ボトルディスペンサー型・飲み口型
35.71226,139.62444,コミュニティふらっと本天沼,杉並区本天沼２－１２－１０,１階,,飲み口型
35.68054,139.62975,浜田山会館,杉並区浜田山１－３６－３,１階,,飲み口型
35.67538,139.64604,永福和泉地域区民センター,杉並区和泉３－８－１８,地下１階,,飲み口型
35.72102,139.62323,下井草図書館,杉並区下井草３－２６－５,１・２階,,飲み口型
35.72094,139.61665,井草地域区民センター,杉並区下井草５－７－２２,地下１階廊下・１階廊下・２階廊下,,飲み口型
35.71005,139.62056,ウェルファーム杉並,杉並区天沼３－１９－１６,１階、２階、３階,,ボトルディスペンサー型・飲み口型
35.67997,139.62289,高井戸図書館,杉並区高井戸東１－２８－１,１・２階,,飲み口型
35.68345,139.61595,高井戸地域区民センター,杉並区高井戸東３－７－５,１・３階,,飲み口型
35.69497,139.63747,成田図書館,杉並区成田東３－２８－５,１階,,飲み口型
35.70779,139.60608,西荻図書館,杉並区西荻北２－３３－９,,,飲み口型
35.67975,139.66002,方南図書館,杉並区方南１－５１－２,,,飲み口型
35.71249,139.60223,西荻地域区民センター,杉並区桃井４－３ー２,地下2階,,飲み口型
35.68541,139.64143,松ノ木運動場,杉並区松ノ木１－３－２２,玄関ホール入口,,飲み口型
35.69511,139.61443,南荻窪図書館,杉並区南荻窪１－１０－２,１・２階,,飲み口型
35.69693,139.61061,大宮前体育館,杉並区南荻窪２－１－１,地下２階～１階,,飲み口型
35.69304,139.59859,宮前図書館,杉並区宮前５－５－２７,１階,,飲み口型
35.69734,139.65559,杉並第十小温水プール,杉並区和田３－５５－４９,地下１階受付,,飲み口型
35.67857,139.63792,永福図書館,杉並区永福３－５１－１７,２階,,ボトルディスペンサー型・飲み口型
35.73335,139.73833,巣鴨駅（都営三田線）,豊島区巣鴨３－２７－７,ホーム,有料,飲み口型
35.72988,139.70824,東京芸術劇場,豊島区西池袋１－８－１,地下１階・２・３・５・７・８・９階,一部除き有料,飲み口型
35.74365,139.72829,西巣鴨駅（都営三田線）,豊島区西巣鴨３－２５－１３,ホーム,有料,飲み口型
35.72607,139.71666,豊島区役所本庁舎,豊島区南池袋２－４５－１,３階、４階,,飲み口型
35.73686,139.74675,豊島区立駒込図書館,豊島区駒込２－２－２,３階,,飲み口型
35.72601,139.69933,豊島区立目白図書館,豊島区目白４－３１－８,１階,,飲み口型
35.73846,139.71704,豊島区立上池袋図書館,豊島区上池袋２－４５－１５,１階,,飲み口型
35.73415,139.73347,豊島区立巣鴨図書館,豊島区巣鴨３－８－２,１階,,飲み口型
35.72988,139.70824,東京芸術劇場,豊島区西池袋１－８－１,１階劇場通り側出入口付近,,ボトルディスペンサー型
35.75856,139.73009,十条台小学校温水プール,北区中十条１－５－６,１階,,飲み口型
35.73956,139.78397,ゆいの森あらかわ,荒川区荒川２－５０－１,２階,,飲み口型
35.74184,139.78207,町屋文化センター,荒川区荒川７－２０－１,２階,,飲み口型
35.73946,139.78694,荒川さつき会館,荒川区荒川８－１６－１３,１階,,飲み口型
35.74841,139.76884,男女平等推進センター,荒川区東尾久5－9－3,地下２階,,飲み口型
35.7312,139.77478,日暮里図書館,荒川区東日暮里６－３８－４,地下１階・１階,,飲み口型
35.75109,139.77882,町屋図書館,荒川区町屋５－１１－１８,２階,,飲み口型
35.73835,139.79369,水道局東部第二支所,荒川区南千住６－４０－１,１階,,飲み口型
35.73741,139.79541,南千住図書館,荒川区南千住６－６３－１,１・２階,,飲み口型
35.75115,139.7729,東京都立大学　荒川キャンパス,荒川区東尾久７－２－１０,食堂・喫茶室,,ボトルディスペンサー型
35.77808,139.64198,赤塚体育館,板橋区赤塚５－６－１,体育館棟２階・プール棟地下２階・少年運動場,,飲み口型
35.77878,139.6449,赤塚図書館,板橋区赤塚６－３８－１,児童室側入口,,飲み口型
35.77983,139.69684,小豆沢体育館,板橋区小豆沢３－１－１,体育棟１階ロビー・２階トレーニング室前・プール棟１Ｆ・プール棟Ｂ１Ｆ,,飲み口型
35.76317,139.68091,中央図書館,板橋区常盤台４－３―１,１階予約受取コーナー脇、３階携帯電話ブース前,,ボトルディスペンサー型・飲み口型
35.77402,139.66884,西台図書館,板橋区西台３－１３－２,１階,,飲み口型
35.7478,139.72041,新板橋駅（都営三田線）,板橋区板橋１－５３－１７,ホーム,有料,飲み口型
35.75111,139.70912,板橋区役所前駅（都営三田線）,板橋区板橋２－６６－１７,ホーム,有料,飲み口型
35.75391,139.7159,東板橋図書館,板橋区加賀１－１０－１５,１・２階,,ボトルディスペンサー型・飲み口型
35.75391,139.7159,植村記念加賀スポーツセンター,板橋区加賀１－１０－５,地下１階通路・１階自動販売機横・１階プール場内・２階トレーニング受付前,,飲み口型
35.74556,139.68089,小茂根図書館,板橋区小茂根１－６－２,１階児童コーナー子ども用トイレ入口,,飲み口型
35.75707,139.67569,上板橋体育館,板橋区桜川１－３－１,１階ロビー・１階屋内プール内・２階トレーニングルーム内,,ボトルディスペンサー型・飲み口型
35.77593,139.69466,志村坂上駅（都営三田線）,板橋区志村１－１４－１３,ホーム,有料,飲み口型
35.77758,139.68617,志村三丁目駅（都営三田線）,板橋区志村３－２３－１,ホーム,有料,飲み口型
35.79191,139.64566,西高島平駅（都営三田線）,板橋区高島平６－１,ホーム,有料,飲み口型
35.79013,139.65457,新高島平駅（都営三田線）,板橋区高島平７－１,ホーム,有料,飲み口型
35.78877,139.66158,高島平駅（都営三田線）,板橋区高島平８－２－１,ホーム,有料,飲み口型
35.79151,139.66425,高島平温水プール,板橋区高島平８－２８－１,M2階プール・２階トレーニングルーム,,飲み口型
35.78814,139.67033,西台駅（都営三田線）,板橋区高島平９－１－１,ホーム,有料,飲み口型
35.75118,139.69638,仲町地域センター,板橋区仲町２０－５,３階,,飲み口型
35.778759,139.632378,成増図書館,"板橋区成増３－１３－１
アリエス3階",３階,,ボトルディスペンサー型・飲み口型
35.76841,139.70279,本蓮沼駅（都営三田線）,板橋区蓮沼町１９－８,ホーム,有料,飲み口型
35.78458,139.67844,蓮根駅（都営三田線）,板橋区蓮根２－３１－３０,ホーム,有料,飲み口型
35.75315,139.70499,氷川図書館,板橋区氷川町２８－９,１階,,飲み口型
35.75179,139.70752,水道局板橋営業所,板橋区氷川町３ー６,１階,,飲み口型
35.76138,139.70474,板橋本町駅（都営三田線）,板橋区大和町１７－１,ホーム,有料,飲み口型
35.76524,139.58438,大泉学園町体育館,練馬区大泉学園町５－１４－２４,地下１階（プール室内・トレーニング室前）・１階,,飲み口型
35.76212,139.59282,大泉運動場,練馬区大泉町５－２４－１２,管理棟１階,,飲み口型
35.72274,139.58719,上石神井体育館,練馬区上石神井１－３２－３７,地下２階（プール受付前・プール室内）・地下１階,,飲み口型
35.73985,139.59406,石神井松の風文化公園,練馬区石神井台１－３３－４４,管理棟１階,,飲み口型
35.72493,139.57748,関区民センター,練馬区関町北１－７－２,１・２・３階,,飲み口型
35.72668,139.58139,関保健相談所,練馬区関町東１－２７－４,１階,,飲み口型
35.76854,139.61507,土支田庭球場,練馬区土支田４－３１－２４,管理棟１階,,飲み口型
35.72938,139.64851,中村南スポーツ交流センター,練馬区中村南１－２－３２,地下１階・１・２階,,飲み口型
35.7445,139.65247,練馬総合運動場公園,練馬区練馬２－２９－１０,管理棟１階,,飲み口型
35.76376,139.62857,光が丘体育館,練馬区光が丘４－１－４,地下２階・１・２階,,飲み口型
35.75933,139.66176,平和台体育館,練馬区平和台２－１２－５,地下２階・地下１階,,飲み口型
35.75686,139.60574,三原台温水プール,練馬区三原台２－１１－２９,１階ロビー・プール室内,,飲み口型
35.76055,139.58737,大泉図書館,練馬区大泉学園町２－２１－１７,１・２階,,飲み口型
35.76541,139.60976,稲荷山図書館,練馬区大泉町１－３－１８,１階,,飲み口型
35.7695,139.60388,中里郷土の森緑地,練馬区大泉町１－５１－２,１階,,飲み口型
35.7577,139.64937,北保健相談所,練馬区北町６－３５－７,1階ロビー,,飲み口型
35.74221,139.67566,小竹図書館,練馬区小竹町２－４３－１,１階フロア,,飲み口型
35.73642,139.59891,石神井図書館,練馬区石神井台１－１６－３１,１階ロビー,,飲み口型
35.74355,139.60725,石神井公園区民交流センター（令和７年５月から９月まで使用休止）,練馬区石神井町２－１４－１,２・３階ロビー,,飲み口型
35.74611,139.60123,男女共同参画センターえーる,練馬区石神井町８－１－１０,２階給湯室・３階給湯室,,飲み口型
35.72154,139.58051,関町図書館,練馬区関町南３－１１－２,２階,,飲み口型
35.737,139.65469,練馬駅（都営大江戸線）,練馬区豊玉北５－１７－１２,ホーム,有料,飲み口型
35.73376,139.65131,"練馬図書館
（生涯学習センター併設）",練馬区豊玉北６－８－１,１階,,飲み口型
35.73526,139.6478,水道局練馬営業所,練馬区中村北１－９－４,１階,,飲み口型
35.73722,139.63617,貫井図書館,練馬区貫井１－３６－１６,１階だれでもトイレ前,,飲み口型
35.73722,139.63617,サンライフ練馬,練馬区貫井１－３６－１８,１階更衣室前・３階ロビー,,飲み口型
35.74168,139.6487,豊島園駅（都営大江戸線）,練馬区練馬４－１４－１７,ホーム,有料,飲み口型
35.7569,139.64807,春日町リサイクルセンター,練馬区春日町２－１４－１６,１階コミュニティーコーナー,,飲み口型
35.7508,139.64053,練馬春日町駅（都営大江戸線）,練馬区春日町３－２９－２５,ホーム,有料,飲み口型
35.75499,139.64049,春日町青少年館,練馬区春日町４－１６－９,１・３階,,飲み口型
35.751485,139.63905,春日町図書館,"練馬区春日町５－３１－２－２０１
エリム春日町２階",ラウンジ・児童コーナー,,飲み口型
35.74857,139.58743,勤労福祉会館,練馬区東大泉５－４０－３６,１階トレーニング室前・２階料理室前,,飲み口型
35.75914,139.63036,光が丘駅（都営大江戸線）,練馬区光が丘２－９－５,ホーム,有料,飲み口型
35.75914,139.63036,光が丘区民センター,練馬区光が丘２－９－６,３階,,飲み口型
35.76376,139.62857,光が丘図書館,練馬区光が丘４－１－５,１階入口,,飲み口型
35.7601,139.66493,平和台図書館,練馬区平和台１－３６－１７,１階休憩コーナー・２階こどもコーナー,,飲み口型
35.74357,139.57523,南大泉青少年館,練馬区南大泉１－４４－７,談話ホール,,飲み口型
35.74357,139.57523,南大泉図書館,練馬区南大泉１－４４－７,１階エントランスホール・２階青少年館,,飲み口型
35.74123,139.57021,こどもと本のひろば,練馬区南大泉３－１７－２０,１・２階,,飲み口型
35.7372,139.61101,南田中図書館,練馬区南田中５－１５－２２,１階,,飲み口型
35.72493,139.57748,関町リサイクルセンター,関町北１－７－１４,２階給湯室前,,飲み口型
35.73721,139.66026,豊玉リサイクルセンター,豊玉上２－２２－１５,１階事務室脇,,飲み口型
35.763,139.59079,大泉リサイクルセンター,大泉学園町１－３４－１０,１階コミュニティコーナー,,飲み口型
35.73722,139.63617,練馬区立美術館,東京都練馬区貫井1－36－16,２階,,飲み口型
35.73934,139.65359,練馬文化センター,練馬区練馬１－１７－３７,１階,,飲み口型
35.73729,139.59967,石神井公園ふるさと文化館,練馬区石神井町５－１２－１６,1階,,飲み口型
35.74545,139.66554,桜台体育館,練馬区桜台3-28-1,１階ロビー,,飲み口型
35.76376,139.62857,光が丘体育館,練馬区光が丘4-1-4,２階、１階、地下２階,,飲み口型
35.75703,139.5984,びくに公園庭球場,練馬区東大泉２ー２８ー３１,管理棟屋外,,飲み口型
35.76741,139.59723,北大泉野球場,練馬区大泉町3-31-44,管理事務所前,,飲み口型
35.77479,139.59853,大泉さくら運動公園,練馬区大泉学園町9-4-5,管理事務所前,,飲み口型
35.77771,139.58954,希望が丘公園多目的運動場,練馬区大泉学園町９丁目１-２,管理事務所前,,飲み口型
35.7443,139.60115,石神井保健相談所,練馬区石神井町７－３－２８,１階,,飲み口型
35.77512,139.80502,足立区役所本庁舎,足立区中央本町１－１７－１,中央館１階,,ボトルディスペンサー型
35.79097,139.78085,伊興地域学習センター,足立区伊興２－４－２２,１・２・３階,,ボトルディスペンサー型
35.77062,139.79814,梅田地域学習センター,足立区梅田７－３３－１,１・４階,,ボトルディスペンサー型
35.77741,139.76054,江北地域学習センター,足立区江北３－３９－４,１階ロビー・２階廊下,,ボトルディスペンサー型
35.76864,139.78322,興本体育館,足立区興野１－１７－７,１階廊下・２階トレーニングルーム内,,ボトルディスペンサー型
35.76756,139.78073,興本地域学習センター,足立区興野１－１８－３８,１階ロビー,,ボトルディスペンサー型
35.7799,139.79071,ギャラクシティ,足立区栗原１－３－１,１階事務室側トイレ入口,,ボトルディスペンサー型
35.78199,139.74403,都市農業公園,足立区鹿浜２－４４－１,都市農業交流館１階,,ボトルディスペンサー型
35.78812,139.84047,佐野地域学習センター,足立区佐野２－４３－５,２階,,ボトルディスペンサー型
35.756448,139.802337,中央図書館,"足立区千住５－１３－５
（学びピア２１内）",３階,,ボトルディスペンサー型
35.79232,139.79488,竹の塚地域学習センター,足立区竹の塚２－２５－１７,１階,,ボトルディスペンサー型
35.77256,139.80748,水道局足立営業所,足立区中央本町３－８－２,１階,,飲み口型
35.77248,139.80959,中央本町地域学習センター,足立区中央本町３－１５－１,１階,,ボトルディスペンサー型
35.80633,139.77293,舎人地域学習センター,足立区舎人１－３－２６,２階,,ボトルディスペンサー型
35.77178,139.73824,新田地域学習センター,足立区新田２－２－２,２階,,ボトルディスペンサー型
35.80273,139.80721,花畑地域学習センター,足立区花畑４－１６－８,１・２階,,ボトルディスペンサー型
35.79312,139.80699,,足立区保木間２－１７－１,１階,有料,ボトルディスペンサー型
35.78644,139.81598,保塚地域学習センター,足立区保塚町７－１６,１・２階,,ボトルディスペンサー型
35.78397,139.75874,鹿浜地域学習センター,足立区鹿浜６－８－１,１・２階,,ボトルディスペンサー型
35.75647,139.80241,足立区生涯学習センター,足立区千住5-13-5,1階ロビー,,ボトルディスペンサー型
35.77142,139.8398,東和地域学習センター,足立区東和3-12-9,1階受付前（廊下）、2階トレーニングルーム横（廊下）・体育館前,,ボトルディスペンサー型
35.7789,139.78075,西新井センター,足立区西新井１－４－１７,２階　悠々館エリア（廊下）,,ボトルディスペンサー型
35.80355,139.79671,悠々会館,足立区西保木間四丁目９番１号,１階　ロビー、２階　ホール,,ボトルディスペンサー型
35.79188,139.81367,総合スポーツセンター,足立区東保木間２－２７－１,１階、２階、３階,,ボトルディスペンサー型
35.8036,139.79733,スイムスポーツセンター,足立区西保木間４－１０－１,１階*2台、２階,,ボトルディスペンサー型
35.77005,139.83334,東綾瀬公園温水プール,足立区東綾瀬３－４－１,１階,,ボトルディスペンサー型
35.75141,139.80147,千住温水プール,足立区千住３－３０,地下1階,,ボトルディスペンサー型
35.75014,139.85451,青戸地区センター,葛飾区青戸５－２０－６,２・３・４階,,飲み口型
35.75296,139.85678,青戸中央憩い交流館,葛飾区青戸６－１６－１２,１階,,飲み口型
35.75319,139.85204,テクノプラザかつしか（葛飾区地域産業振興会館）,葛飾区青戸７ー２ー１,２階,,飲み口型
35.7288,139.85399,西奥戸憩い交流館,葛飾区奥戸１－１２－１,１階,,飲み口型
35.73667,139.86189,奥戸総合スポーツセンター体育館,葛飾区奥戸７－１７－１,１・２階,,飲み口型
35.75652,139.84303,亀有学び交流館,葛飾区お花茶屋３－５－６,１階,,飲み口型
35.76581,139.86678,末広憩い交流館,葛飾区金町５－４－１,１階,,飲み口型
35.74531,139.87433,鎌倉憩い交流館,葛飾区鎌倉２－６－２０,１階,,飲み口型
35.75534,139.8242,小菅憩い交流館,葛飾区小菅３－６－１,１階,,飲み口型
35.75348,139.88097,柴又学び交流館,葛飾区柴又５－３３－８,１・２・３階,,飲み口型
35.71639,139.86179,新小岩地区センター,葛飾区新小岩２－１７－１,２階,,飲み口型
35.7588,139.85899,新宿憩い交流館,葛飾区新宿１－５－６,１階,,飲み口型
35.7413,139.86314,奥戸総合スポーツセンター温水プール館,葛飾区高砂１－２－１,１・２階,,飲み口型
35.74645,139.86765,高砂地区センター,葛飾区高砂３－１－３９,１・２・３階,,飲み口型
35.74017,139.83678,四つ木地区センター,葛飾区宝町１－１－２２,１階,,飲み口型
35.74743,139.8389,宝町憩い交流館,葛飾区宝町２－３８－１９,１階,,飲み口型
35.74125,139.85338,水道局葛飾営業所,葛飾区立石８－１７－４,１階,,飲み口型
35.75663,139.83699,中道憩い交流館,葛飾区西亀有１－２－７,１階,,飲み口型
35.76253,139.83818,砂原憩い交流館,葛飾区西亀有３－１２－１,１階,,飲み口型
35.71699,139.85118,たつみ憩い交流館,葛飾区西新小岩２－１－４,１階,,飲み口型
35.7794,139.87787,東金町憩い交流館,葛飾区東金町５－２２－１８,１階,,飲み口型
35.72446,139.85875,新小岩北地区センター,葛飾区東新小岩６－２１－１,１階,,飲み口型
35.73384,139.84779,東立石地区センター,葛飾区東立石２－１５－７,１階,,飲み口型
35.72883,139.84062,東四つ木地区センター,葛飾区東四つ木１－２０－４,１階,,飲み口型
35.74049,139.82971,堀切憩い交流館,葛飾区堀切１－２３－６,１階,,飲み口型
35.74746,139.82797,堀切地区センター,葛飾区堀切３－８－５,１階,,飲み口型
35.78151,139.85966,水元総合スポーツセンター,葛飾区水元１－２３－１,１・２・３階・プール内,一部有料,ボトルディスペンサー型・飲み口型
35.78816,139.86028,水元憩い交流館,葛飾区水元４－６－１５,１階,,飲み口型
35.77944,139.85573,水元学び交流館,葛飾区南水元２－１３－１,１・３階,,飲み口型
35.69446,139.8829,一之江コミュニティ会館,江戸川区一之江２－６－１５,１階,,飲み口型
35.68967,139.88434,共育プラザ一之江,江戸川区一之江３－１３－７,１・２階,,飲み口型
35.68627,139.88194,コミュニティプラザ一之江,江戸川区一之江７－３５－２２,４階,,飲み口型
35.686,139.8831,一之江駅（都営新宿線）,江戸川区一之江８－１４－１　,ホーム,有料,飲み口型
35.68612,139.90468,東部図書館,江戸川区江戸川２－３５－６,１階エントランス,,飲み口型
35.68604,139.89949,江戸川コミュニティ会館,江戸川区江戸川２－８,１階,,飲み口型
35.67704,139.88101,二之江コミュニティ会館,江戸川区江戸川６－４６,１階ホール・２階,,飲み口型
35.7253,139.87254,上一色コミュニティセンター,江戸川区上一色２－６－１０,１階ロビー,,飲み口型
35.70812,139.90123,篠崎コミュニティ会館,江戸川区上篠崎４－２１－８,１・２階,,飲み口型
35.67297,139.85735,北葛西コミュニティ会館,江戸川区北葛西２－１１－３９,１階,,飲み口型
35.7358,139.89247,小岩アーバンプラザ,江戸川区北小岩１－１７－１,１階ロビー・３階ロビー,,飲み口型
35.74212,139.88692,北小岩コミュニティ会館,江戸川区北小岩６－３５－１７,１・２階ロビー,,飲み口型
35.69702,139.84932,小松川さくらホール,江戸川区小松川３－６－３,１・２・３・４・５階,,飲み口型
35.70945,139.88974,鹿骨区民館,江戸川区鹿骨１－５４－２,２階（ロビー・くつろぎの間）,,飲み口型
35.7055,139.90289,篠崎文化プラザ,江戸川区篠崎町７－２０－１９,３階,,飲み口型
35.70583,139.90366,篠崎駅（都営新宿線）,江戸川区篠崎町７－２７－１,ホーム,有料,飲み口型
35.70596,139.903706,篠崎コミュニティホール,"江戸川区篠崎町７－２７－１
交通会館篠崎ビル",５階,,飲み口型
35.65929,139.85655,清新町コミュニティ会館,江戸川区清新町１－２－２,１階ロビー,,飲み口型
35.65652,139.85237,陸上競技場,江戸川区清新町２－１－０,ロビー,,ボトルディスペンサー型
35.71046,139.86975,中央図書館,江戸川区中央３－１－３,１・４階,,飲み口型
35.71118,139.86815,総合文化センター,江戸川区中央４－１４－１,１階,,飲み口型
35.66589,139.86938,葛西区民館,江戸川区中葛西３－１０－１,３階・４階ホール,,飲み口型
35.65459,139.86659,新田コミュニティ会館,江戸川区中葛西７－１７－１,１階ロビー,,飲み口型
35.66786,139.8625,スポーツセンター,江戸川区西葛西４－２－２０,１・２・３階,,ボトルディスペンサー型
35.66536,139.86328,西葛西図書館,江戸川区西葛西５－１０－４７,１階トイレ前,,飲み口型
35.66176,139.85762,江戸川区球場,江戸川区西葛西７－２－１,給湯室,,飲み口型
35.73744,139.87991,西小岩コミュニティ会館,江戸川区西小岩４－３－２２,１・２階ロビー,,飲み口型
35.68649,139.89125,瑞江コミュニティ会館,江戸川区西瑞江３－１８－１,１階,,飲み口型
35.66584,139.8781,長島桑川コミュニティ会館,江戸川区東葛西５－３１－１８,１・２・３階,,飲み口型
35.65495,139.87964,東葛西コミュニティ会館,江戸川区東葛西８－２２－１,１階ロビー・３階ロビー,,飲み口型
35.7309,139.89027,小岩図書館,江戸川区東小岩３－６－９,１・２・３・４階,,飲み口型
35.73381,139.88773,小岩区民館,江戸川区東小岩６－９－１４,"１階事務所待合室,２～４階ロビー""",,飲み口型
35.69851,139.91699,スポーツランド,江戸川区東篠崎１－８－１,１階ホール,,飲み口型
35.68996,139.89966,東部区民館,江戸川区東瑞江１－１７－１,１・２階,,飲み口型
35.70172,139.85068,小松川図書館,江戸川区平井１－１１－２６,階段踊り場（１～２階・２～３階）,,飲み口型
35.70343,139.84763,小松川区民館,江戸川区平井４－１－１,１・３階,,飲み口型
35.70557,139.84821,平井コミュニティ会館,江戸川区平井４－１８－１０,１階,,飲み口型
35.71191,139.8398,中平井コミュニティ会館,江戸川区平井７－１－６,１・２階,,飲み口型
35.68642,139.86282,船堀コミュニティ会館,江戸川区船堀１－３－１,２・３階,,飲み口型
35.6838,139.86421,船堀駅（都営新宿線）,江戸川区船堀３－６－１,ホーム,有料,飲み口型
35.68426,139.86491,タワーホール船堀,江戸川区船堀４－１－１,１・２・３・４・５・６階,,飲み口型
35.67561,139.86867,新川さくら館,江戸川区船堀７－１５－１２,１階ロビー,,飲み口型
35.69675,139.87079,松江区民プラザ,江戸川区松江２－１－１０,１・２階,,飲み口型
35.68794,139.86646,水道局江戸川営業所,江戸川区松江５－４－１２,１階,,飲み口型
35.69125,139.87265,松江コミュニティ会館,江戸川区松江７－５－１２,１・３階,,飲み口型
35.70605,139.86636,グリーンパレス,江戸川区松島１－３８－１,新館２階ロビー・３階ロビー・４階ロビー,,飲み口型
35.71758,139.87646,総合体育館,江戸川区松本１－３５－１,体育棟１・２階・プール棟１階・アーチェリー場１階,,飲み口型
35.69334,139.89775,瑞江駅（都営新宿線）,江戸川区瑞江２－２－１,ホーム,有料,飲み口型
35.69398,139.89775,東部フレンドホール,江戸川区瑞江２－５－７,４・５階,,飲み口型
35.64637,139.87605,南葛西会館,江戸川区南葛西６－８－９,１・４階,,飲み口型
35.73029,139.88177,南小岩コミュニティ会館,江戸川区南小岩７－１７－１０,１・２階ロビー,,飲み口型
35.64995,139.85205,臨海球技場,江戸川区臨海町１－１－２,管理棟横通路,,飲み口型
35.65218,139.8606,臨海町コミュニティ会館,江戸川区臨海町２－２－９,１階,,飲み口型
35.6573,139.338843,学園都市センター,"八王子市旭町９－１
八王子スクエアビル１１階",１２階,0,飲み口型
35.65856,139.3398,"生涯学習センター
（クリエイトホール）",八王子市東町５－６,地下１階・１・4・5・７・１０・１１階,,飲み口型
35.65856,139.3398,生涯学習センター図書館,"八王子市東町５－６
クリエイトホール内",２・３階,,飲み口型
35.68043,139.36455,石川市民センター,八王子市石川町４３８,センター玄関ホール,,飲み口型
35.66379,139.32899,大横保健福祉センター,八王子市大横町１１ー３５,１階地域交流・情報スペース,,飲み口型
35.66513,139.32803,"コニカミノルタ サイエンスドーム
（八王子市こども科学館）",八王子市大横町９－１３,１・２階,有料,飲み口型
35.66336,139.35182,大和田市民センター,八王子市大和田町５－９－１,２階体育室前,,飲み口型
35.63428,139.4225,由木東市民センター,八王子市鹿島１１１－１,体育室・事務所受付前通路,,飲み口型
35.70079,139.32385,加住市民センター,八王子市加住町１－３３８,１階　通路　事務所前,,飲み口型
35.641362,139.340195,由井市民センター,八王子市片倉７０２－１,１階給湯室前,,飲み口型
35.68335,139.28619,元八王子市民センター,八王子市上壱分方町７４７－１,会議室２入り口付近,,飲み口型
35.661,139.20148,夕やけ小やけふれあいの里,八王子市上恩方町２０３０,おおるりの家,有料,飲み口型
35.68619,139.29944,川口市民センター,八王子市川口町３８３８,１階体育室前,,飲み口型
35.68619,139.29944,川口やまゆり館,八王子市川口町３８３８,"１階市民センターロビー,１階図書館児童コーナー,２階生涯学習センターロビー""",,飲み口型
35.68619,139.29944,生涯学習センター川口分館,八王子市川口町３８３８,２階,,飲み口型
35.64614,139.35321,北野事務所,八王子市北野町５４９－５,１階ロビー,,飲み口型
35.63372,139.3109,横山南市民センター,八王子市椚田町１３７ー３,１階ロビー,,飲み口型
35.65078,139.34464,子安市民センター,八王子市子安町２－６－１,２階体育室前,,飲み口型
35.654146,139.337318,八王子駅南口総合事務所,"八王子市子安町４ー７－１
サザンスカイタワー八王子４階",事務所内,,飲み口型
35.62688,139.38228,由木中央市民センター,八王子市下柚木２－１０－６,玄関風除室,,飲み口型
35.65513,139.32016,台町市民センター,八王子市台町３－２０－１,２階体育室入口,,飲み口型
35.64358,139.27599,浅川市民センター,八王子市高尾町１６５２－１,１階ロビー,,飲み口型
35.68011,139.31772,中野市民センター,八王子市中野町２７２６－７,１階体育室入口,,飲み口型
35.68011,139.31772,八王子市甲の原体育館,八王子市中野町２７２６－８,１・２階,,飲み口型
35.65104,139.29562,長房市民センター,八王子市長房町５０６－２,１階ホール,,飲み口型
35.67469,139.26775,恩方市民センター,八王子市西寺方町２６０－４,ロビー階段前,,飲み口型
35.64509,139.29314,東浅川保健福祉センター,八王子市東浅川町５５１－１,２階,,ボトルディスペンサー型・飲み口型
35.61688,139.37697,東京都立大学　南大沢キャンパス図書館,八王子市南大沢１－１,２・３階,,飲み口型
35.611672,139.379404,南大沢事務所,"八王子市南大沢２－２７　
フレスコ南大沢1階",１階　,,飲み口型
35.61188,139.37947,生涯学習センター南大沢分館,八王子市南大沢２－２７,２階,,飲み口型
35.61188,139.37947,南大沢市民センター,八王子市南大沢２－２７,公共棟３階　ロビー掲示板前,,飲み口型
35.61188,139.37947,南大沢文化会館,八王子市南大沢２－２７,１階　市民ロビー,,飲み口型
35.611672,139.379404,南大沢保健福祉センター,"八王子市南大沢２－２７
フレスコ南大沢公共棟１階",1階　保健福祉センター内ロビー,,飲み口型
35.66245,139.33226,芸術文化会館,八王子市本町24-1,1階,,飲み口型
35.611672,139.379404,南大沢図書館,"八王子市南大沢２－２７
フレスコ南大沢地下１階",地下１階,,飲み口型
35.61299,139.37923,ガレリア・ユギ（イトーヨーカドー南大沢店）,八王子市南大沢２－２８－１,１・２・３・４・５階,,飲み口型
35.6665,139.31616,八王子市役所,八王子市元本郷町３－２４－１,１階,,ボトルディスペンサー型・飲み口型
35.65578,139.35182,北野環境学習センター（あったかホール）,八王子市北野町５９６－３,２階、３階、４階,,飲み口型
35.61688,139.37697,東京都立大学　南大沢キャンパス,八王子市南大沢１－１,講堂内だれでもトイレ脇,,ボトルディスペンサー型
35.71529,139.40628,立川都民防災教育センター,立川市泉町１１５６－１,１階,,飲み口型
35.702166,139.414107,女性総合センター・アイム,"立川市曙町２－３６－２
ファーレ立川センタースクエア",１・５階,,ボトルディスペンサー型・飲み口型
35.702166,139.414107,中央図書館,"立川市曙町２－３６－２
ファーレ立川センタースクエア",２・３・４階,,飲み口型
35.70708,139.41197,水道局多摩水道立川庁舎,立川市緑町６－７,１階,,飲み口型
35.72041,139.43935,若葉図書館,立川市若葉町３－３４－１,図書館入口,,飲み口型
35.69275,139.55847,芸術文化センター,三鷹市上連雀６－１２－１４,１階風のホールホワイエ・星のホールホワイエ,催しにより有料,飲み口型
35.68509,139.55812,上連雀分庁舎,三鷹市上連雀８－３－１０,１・２階,,飲み口型
35.6842,139.55949,三鷹市教育センター,三鷹市下連雀９-１１-7,地下１階、１階、２階、３階,,飲み口型
35.68326,139.55942,公会堂,三鷹市野崎１－１－１,ホールホワイエ,催しにより有料,飲み口型
35.68326,139.55942,公会堂さんさん館,三鷹市野崎１－１－１,１・２・３・４階,,飲み口型
35.68326,139.55942,三鷹市役所本庁舎,三鷹市野崎１－１－１,１階おくやみ窓口・３階議場棟横・４階休憩室・５階文書庫前,,飲み口型
35.68326,139.55942,三鷹市役所第二庁舎,三鷹市野崎１－１－１,１階ホール・２階休憩室・３階休憩室,,飲み口型
35.68326,139.55942,三鷹市役所第三庁舎,三鷹市野崎１－１－１,廊下,,飲み口型
35.68187,139.56218,三鷹中央防災公園・元気創造プラザ,三鷹市新川６－３７－１,"スポーツセンター：地下２階、地下１階、１階,
プラザ：２階、３階、４階、５階""",,飲み口型
35.70187,139.56201,三鷹ネットワーク大学,三鷹市下連雀３－２４－３　三鷹駅前協同ビル,３階,,ボトルディスペンサー型・飲み口型
35.67398,139.51613,朝日体育館,府中市朝日町２－１０,１階廊下,,飲み口型
35.67701,139.49239,府中市美術館,府中市浅間町１－３,１階エントランスロビー,,飲み口型
35.68876,139.48288,栄町体育館,府中市栄町１－１,１階廊下,,ボトルディスペンサー型・飲み口型
35.65932,139.51247,押立体育館,府中市押立町１－３７,１階廊下,,飲み口型
35.65363,139.51843,押立文化センター,府中市押立町５－４,１階,,飲み口型
35.66507,139.4458,四谷文化センター,府中市四谷２－７５,１・２階,,飲み口型
35.67072,139.46954,片町文化センター,府中市片町２－１７,１階,,飲み口型
35.67369,139.47856,府中駅北第２庁舎,府中市寿町１－５,１階,,飲み口型
35.67355,139.4747,水道局府中サービスステーション,府中市寿町３－４－６,１階,,飲み口型
35.66087,139.49541,是政文化センター,府中市是政２－２０,１・２・３階,,飲み口型
35.67127,139.50758,白糸台体育館,府中市白糸台１－５０,１階廊下,,ボトルディスペンサー型・飲み口型
35.66702,139.50629,白糸台文化センター,府中市白糸台１－６０,１階,,飲み口型
35.68703,139.48955,新町文化センター,府中市新町１－６６,１・２・３階,,飲み口型
35.66029,139.46051,住吉文化センター,府中市住吉町１－６１,１・２・３階,,飲み口型
35.66021,139.45845,女性センター,府中市住吉町１－８４,４階,,飲み口型
35.67249,139.45483,西府文化センター,府中市西府町１－６０,１・２階,,飲み口型
35.67594,139.48389,ルミエール府中,府中市府中町２－２４,１・２・３・４・５階休憩コーナー,,飲み口型
35.67585,139.4827,中央文化センター,府中市府中町２－２５,１階ひばりホール前,,飲み口型
35.67939,139.45992,本宿体育館,府中市本宿町４－２３,１階廊下,,ボトルディスペンサー型
35.65689,139.47351,府中市郷土の森博物館,府中市南町６－３２,博物館本館エントランス,有料,飲み口型
35.66886,139.47777,府中市本庁舎,府中市宮西町２－２４,西庁舎１階、東庁舎１～８階、北庁舎３階,,飲み口型
35.67123,139.48146,市民活動センタープラッツ,府中市宮町１－１００　５・６階,６階,,ボトルディスペンサー型・飲み口型
35.66915,139.4794,府中市ふるさと府中歴史館,府中市宮町３－１,１階東側入口付近,,飲み口型
35.68863,139.46095,武蔵台文化センター,府中市武蔵台２－２,１～２階,,飲み口型
35.67656,139.50908,紅葉丘文化センター,府中市紅葉丘２－１,１～３階,,飲み口型
35.65713,139.47815,総合体育館,府中市矢崎町５－５,レクリエーションホール横廊下・武道場前・第１体育室横・第２体育室横,,ボトルディスペンサー型・飲み口型
35.66445,139.44119,四谷体育館,府中市四谷５－６,１Ｆ廊下,,飲み口型
35.64694,139.53586,調布市郷土博物館,調布市小島町３－２６－２,１階フロアーだれでもトイレ前,,飲み口型
35.65759,139.52754,調布市民西調布体育館,調布市上石原２－４－１,ロビー,,飲み口型
35.65739,139.56631,菊野台地域福祉センター,調布市菊野台１－３８－１,１階廊下,,飲み口型
35.64735,139.53476,下石原地域福祉センター,調布市下石原３－７２－１,ホール,,飲み口型
35.67301,139.54779,神代植物公園,調布市深大寺北町１－４－６,植物多様性センター,有料,飲み口型
35.67282,139.55014,調布市総合体育館,調布市深大寺北町２－１－６５,体育館,,ボトルディスペンサー型・飲み口型
35.67073,139.54922,神代植物公園,調布市深大寺元町５－３１－１０,植物会館１階ロビー,有料,飲み口型
35.63915,139.55528,染地地域福祉センター,調布市染地３－３－１,１階廊下,,飲み口型
35.65785,139.57129,神代出張所,調布市西つつじケ丘３－１９－１,１階入口,,飲み口型
35.65099,139.57884,金子地域福祉センター,調布市西つつじヶ丘４－４３－３,１階廊下,,飲み口型
35.66634,139.52269,武蔵野の森総合スポーツプラザ,調布市西町２９０－１１,サブアリーナ,有料,飲み口型
35.66368,139.53499,富士見地域福祉センター,調布市富士見町４－１５－６,１階廊下,,飲み口型
35.66941,139.58388,緑ケ丘地域福祉センター,調布市緑ケ丘２－１８－４９,玄関ホール,,飲み口型
35.65791,139.58328,調布市東部公民館,調布市若葉町１－２９－２１,２階玄関外,,飲み口型
35.66634,139.52269,武蔵野の森総合スポーツプラザ,調布市西町２９０－１１,サブアリーナ前自販機並び,,ボトルディスペンサー型
35.55762,139.44441,サン町田旭体育館,町田市旭町３－２０－６０,１・２階ロビー,,ボトルディスペンサー型・飲み口型
35.58874,139.46738,鶴川市民センター,町田市大蔵町１９８１－４,１階ロビー・２階ホワイエ,,飲み口型
35.59728,139.36861,小山市民センター,町田市小山町２５０７番地１,１階,,飲み口型
35.52381,139.46707,南市民センター（令和７年９月より使用停止）,町田市金森４－５－６,１階,,飲み口型
35.5555,139.42888,木曽森野コミュニティセンター,町田市木曽東１－２,１階,,飲み口型
35.55776,139.4303,水道局町田サービスステーション,町田市木曽東１－４－１,１階,,飲み口型
35.61095,139.31287,相原中央公園管理棟,町田市相原町２０１８,管理事務所１階,,飲み口型
35.58617,139.41266,町田市立室内プール,町田市図師町１９９－１,室内プール１階プールサイド・２階ロビー,一部有料,飲み口型
35.57766,139.41542,忠生市民センター,町田市忠生３－１４－２,１階エントランスロビー・２階ホワイエ,,飲み口型
35.52557,139.48415,つくし野コミュニティセンター,町田市つくし野２－２６－５,２階,,飲み口型
35.59248,139.43889,町田GIONスタジアム,町田市野津田町２０３５,１階　待機場所,,ボトルディスペンサー型
35.54362,139.47334,成瀬コミュニティセンター,町田市西成瀬２－４９－１,１階,,飲み口型
35.58286,139.4789,町田市立鶴川駅前図書館,町田市能ヶ谷１－２－１,２階,,飲み口型
35.54054,139.45006,町田市立中央図書館,町田市原町田３－２－９,４・６階,,飲み口型
35.54182,139.44991,町田市民フォーラム,町田市原町田４－９－８サウスフロントタワー町田,３・４階,,飲み口型
35.54611,139.45018,町田市健康福祉会館,町田市原町田５－８ー２１,１階ロビー,,飲み口型
35.53651,139.47356,なるせ駅前市民センター,町田市南成瀬１－２－５,１階,,飲み口型
35.53612,139.47917,町田市立総合体育館,町田市南成瀬５－１２,１階,,ボトルディスペンサー型・飲み口型
35.53517,139.48488,成瀬クリーンセンター,町田市南成瀬８－１－１,１階ロビー,,飲み口型
35.57715,139.49309,三輪コミュニティセンター,町田市三輪緑山４－１４－４,１階,,飲み口型
35.54658,139.4389,町田市庁舎,町田市森野２－２－２２,１階,,飲み口型
35.54658,139.4389,町田市民ホール,町田市森野２－２－３６,１階、２階,,飲み口型
35.58617,139.41266,町田市立室内プール　さくらの湯,町田市図師町１９９－１,温浴棟　２階脱衣所（男女）,,飲み口型
35.55124,139.4437,町田市立さるびあ図書館,町田市中町2-13-23,１階,,飲み口型
35.54269,139.45172,町田市民文学館,町田市原町田4-16-17,1階,,飲み口型
35.56985,139.43481,木曽山崎コミュニティセンター,町田市山崎町２１６０－４,Ａ館１・３階ロビー,,飲み口型
35.71643,139.52139,小金井市総合体育館,小金井市関野町１－１３－１,地下１階・２階,,飲み口型
35.69906,139.52139,栗山公園健康運動センター,小金井市中町２－２１－１,１・４階,,飲み口型
35.7023,139.49774,公民館貫井北分館,小金井市貫井北町１－１１－１２,１階,,飲み口型
35.70048,139.50565,小金井 宮地楽器ホール,小金井市本町６－１４－４５,１階自動販売機付近,,飲み口型
35.6932,139.49971,前原町西之台会館,小金井市前原町３－８－１,１階廊下,,飲み口型
35.68803,139.52255,野川クリーンセンター,小金井市東町１－７－１９,１階,,ボトルディスペンサー型
35.73397,139.49641,小平市立大沼図書館・公民館,小平市大沼町７－１－１７,風除室,,飲み口型
35.74178,139.49461,大沼地域センター,小平市大沼町２－１７－３３,ロビー,,飲み口型
35.73913,139.46066,小川西町中宿地域センター,小平市小川西町２－３０－１,ロビー,,飲み口型
35.73521,139.46181,小平市西部市民センター,小平市小川西町４－１０－１３,１階ロビー,,飲み口型
35.73513,139.45595,小川西町地域センター,小平市小川西町５－４－１７,ロビー,,飲み口型
35.73439,139.47758,小川東町地域センター,小平市小川東町１８０５,ロビー,,飲み口型
35.73273,139.46857,小川東第二地域センター,小平市小川東町５－９－１,ロビー,,飲み口型
35.72253,139.47623,学園西町地域センター,小平市学園西町２－１２－２２,ロビー,,飲み口型
35.72678,139.47797,健康センター,小平市学園東町１－１９－１２,１階ロビー,,飲み口型
35.72565,139.48317,学園東町地域センター,小平市学園東町２－１６－１１,ロビー,,飲み口型
35.71562,139.4886,喜平地域センター,小平市喜平町１－１０－９,ロビー,,飲み口型
35.71852,139.4888,喜平図書館,小平市喜平町３－３－１８,１階エントランス,,飲み口型
35.72583,139.45924,小平市立小川公民館,小平市小川町１－１０１２,１階受付前,,飲み口型
35.72923,139.45003,小川町一丁目地域センター,小平市小川町１－３０４５,ロビー,,飲み口型
35.73126,139.44281,小平市立上宿公民館,小平市小川町１－３０８,１階受付前,,飲み口型
35.731,139.43889,上宿図書館,小平市小川町１－３４５,１階エントランス,,飲み口型
35.72876,139.46681,小川町二丁目地域センター,小平市小川町２－１１５４,ロビー,,飲み口型
35.7286,139.47461,小平市中央公民館,小平市小川町２－１３２５,１階受付前,,飲み口型
35.7286,139.47461,中央図書館,小平市小川町２－１３２５,１階エントランス・２階,,飲み口型
35.71422,139.50041,御幸地域センター,小平市御幸町５８,ロビー,,飲み口型
35.72503,139.43883,上水新町地域センター,小平市上水新町１－１４－１８,ロビー,,飲み口型
35.71705,139.47026,上水本町地域センター,小平市上水本町３－１１－１１,ロビー,,飲み口型
35.71305,139.48369,小平市立上水南公民館,小平市上水南町１－２７－１,１階受付前,,飲み口型
35.7207,139.50024,鈴木地域センター,小平市鈴木町１－４００,ロビー,,飲み口型
35.72251,139.5074,小平市立鈴木公民館,小平市鈴木町２－７７２,２階ロビー,,飲み口型
35.72344,139.4623,小平市民総合体育館,小平市津田町１－１－１,１・２・３階,,飲み口型
35.72087,139.47003,小平市立津田図書館・公民館,小平市津田町３－１１－１,風除室,,飲み口型
35.72799,139.49649,天神地域センター,小平市天神町４－３－１,ロビー,,飲み口型
35.72968,139.43394,中島地域センター,小平市中島町２６－９,ロビー,,飲み口型
35.7316,139.48357,なかまちテラス,小平市仲町１４５,１階,,飲み口型
35.72749,139.51353,小平市東部市民センター,小平市花小金井１－８－１,２階図書館,,飲み口型
35.73451,139.51802,花小金井北地域センター,小平市花小金井３－１０－１,ロビー,,飲み口型
35.73419,139.51028,小平市立花小金井北公民館,小平市花小金井５－４１－３,２階受付前,,飲み口型
35.72424,139.51651,小平市立花小金井南公民館,小平市花小金井南町２－１２－６,１階ロビー,,飲み口型
35.722,139.51906,花小金井南地域センター,小平市花小金井南町３－３－１７,ロビー,,飲み口型
35.73465,139.48949,美園地域センター,小平市美園町１－１９－２,ロビー,,飲み口型
35.66112,139.36658,東京都立大学　日野キャンパス,日野市旭が丘６－６,大学会館１階,,飲み口型
35.66515,139.3824,水道局日野サービスステーション,日野市多摩平２－７－２,１階,,飲み口型
35.67099,139.39528,日野市役所,日野市神明１－１２－１,１階,,ボトルディスペンサー型
35.67592,139.40025,生活・保健センター,日野市日野本町１－６－２,１階,,ボトルディスペンサー型
35.66655,139.42773,クリーンセンター,日野市石田１－２１０－２,２階,,ボトルディスペンサー型
35.66356,139.38435,カワセミハウス,日野市東豊田３ー２６－１,１階,,ボトルディスペンサー型
35.67959,139.39977,日野図書館,日野市日野本町７－５－１４,２階,,ボトルディスペンサー型
35.657761,139.430914,百草図書館,"日野市百草２０４－１
ガーデンビュー石神Ｄ２階",２階 エレベーター前,,ボトルディスペンサー型
35.67959,139.39977,中央公民館,日野市日野本町７－５ー２３,１階 談話室,,ボトルディスペンサー型
35.66304,139.36852,日野市発達教育・支援センター,日野市旭が丘２－４２－８,１階 玄関付近（※土足禁止）,,ボトルディスペンサー型
35.67959,139.39977,日野市社会福祉協議会,"日野市日野本町7－５―２３
中央福祉センター",２階,,ボトルディスペンサー型
35.66458,139.37714,ひの社会教育センター,日野市多摩平３－１－１３,１階,,ボトルディスペンサー型
35.64948,139.41302,湯沢福祉センター,日野市程久保８７３,１階,,ボトルディスペンサー型
35.65816,139.41403,七生公会堂,日野市三沢３ー５０－１,１、２階　計２か所,,ボトルディスペンサー型
35.67154,139.39647,子ども包括支援センターみらいく,日野市神明1-13-2,１階,,ボトルディスペンサー型
35.65977,139.38034,日野市立ひの市民活動支援センター本館,日野市多摩平1-10-1,１階,,ボトルディスペンサー型
35.77085,139.48685,秋津公民館,東村山市秋津町２－１７－１０,１階ロビー・２階ロビー,,飲み口型
35.77085,139.48685,秋津図書館,東村山市秋津町２－１７－１０,１階,,飲み口型
35.77348,139.48338,秋津児童館,東村山市秋津町３ー５１ー２５,児童館１階廊下,,飲み口型
35.74664,139.46909,栄町児童館,東村山市栄町３ー１４ー１,児童館廊下,,飲み口型
35.76512,139.45349,北山児童館,東村山市野口町３ー２６ー２,児童館１階廊下,,飲み口型
35.76627,139.4545,八国山たいけんの里,東村山市野口町３－４８－１,１階ロビー,,飲み口型
35.74199,139.47836,萩山公民館,東村山市萩山町２－１３－１,１階ロビー,,飲み口型
35.74348,139.45976,富士見図書館,東村山市富士見町１－７－３５,１階,,飲み口型
35.74822,139.45657,富士見公民館,東村山市富士見町５－４－５１,１階ロビー・２階ロビー,,飲み口型
35.75535,139.46788,中央図書館,東村山市本町１－１－１０,１・２階,,飲み口型
35.75449,139.46841,いきいきプラザ,東村山市本町１－２－３,"１・２・３・４階自販機コーナー,１階休日準夜応急診療所",,飲み口型
35.75449,139.46841,東村山市役所本庁舎,東村山市本町１－２－３,地下１階・１・２・３・４・６階,,飲み口型
35.75997,139.46672,中央公民館,東村山市本町２－３３－２,１・２・３階,,飲み口型
35.75665,139.46207,美住リサイクルショップ,東村山市美住町２－１１－３２,１階,,飲み口型
35.75962,139.45209,廻田公民館,東村山市廻田町４－１９－１,１階ロビー,,飲み口型
35.69729,139.47014,都立多摩図書館,国分寺市泉町２－２－２６,閲覧室,,飲み口型
35.70725,139.46454,恋ケ窪図書館,国分寺市西恋ヶ窪４－１２－８,１階,,飲み口型
35.69235,139.48346,もとまち図書館,国分寺市東元町２－３－13,１階,,飲み口型
35.7055,139.48257,本多公民館,国分寺市本多１－７－１,２階,,飲み口型
35.708,139.44296,光公民館,国分寺市光町３－13－19,１階,,飲み口型
35.71572,139.45323,並木公民館,国分寺市並木町２－12－３,１階,,飲み口型
35.6857,139.4435,くにたち中央図書館,国立市富士見台２－３４,２階洗面台前,,飲み口型
35.68736,139.44484,くにたち福祉会館,国立市富士見台２－３８－５,１・３階,,飲み口型
35.68438,139.44151,国立市役所本庁舎,国立市富士見台２－４７－１,地下１階・１・２・３階,,飲み口型
35.68503,139.44022,くにたち市民芸術小ホール,国立市富士見台２－４８－１,芸術小ホール１階,,飲み口型
35.68503,139.44022,くにたち市民総合体育館,国立市富士見台２－４８－１,地下２階プール・地下１階・１階,一部有料,飲み口型
35.69685,139.44336,国立市公民館,国立市中１－１５－１,１階正面玄関前,,飲み口型
35.73466,139.32245,中央体育館,福生市北田園２－９－１,１・２階,,飲み口型
35.74604,139.32109,わかぎり会館・図書館,福生市福生１２８０－１,１階,,飲み口型
35.72414,139.33786,白梅会館,福生市熊川５５９－１,１階,,飲み口型
35.73169,139.33766,S&Dたまぐー福生中央図書館,福生市熊川８５０－１,１階,,飲み口型
35.71802,139.33533,わかたけ会館・図書館,福生市熊川１９９－１,１階,,飲み口型
35.7387,139.32678,福生市役所庁舎,福生市本町５,第二棟１階,,飲み口型
35.72799,139.33234,福祉センター,福生市南田園２－１３－１,１階,,飲み口型
35.74699,139.33395,武蔵野台図書館・児童館,福生市武蔵野台１－１２－２,１・３階,,飲み口型
35.74657,139.33221,松林会館,福生市武蔵野台１－１５－１,１階,,飲み口型
35.63494,139.57837,狛江市役所,狛江市和泉本町１－１－５,２・３階,,飲み口型
35.64428,139.56754,上和泉地域センター,狛江市和泉本町４－７－５１,１階,,飲み口型
35.62334,139.57993,南部地域センター,狛江市猪方４－１１－１,１階,,飲み口型
35.63198,139.58633,岩戸地域センター,狛江市岩戸南２－２－５,１階,,飲み口型
35.74161,139.41531,水道局東大和サービスステーション,東大和市上北台３－４４７,１階,,飲み口型
35.74258,139.44542,清原市民センター,東大和市清原４ー１ー１６号棟１階,清原市民センターロビー,,飲み口型
35.73672,139.42088,東大和市民体育館,東大和市桜が丘２－１６７－１３,地下１階・１・２階,,飲み口型
35.74526,139.4265,東大和市役所,東大和市中央３－９３０,１・２・３・４・５階,,飲み口型
35.75642,139.42224,東大和市立郷土博物館,東大和市奈良橋１－２６０－２,喫茶コーナー,,飲み口型
35.73872,139.43536,東大和市民会館ハミングホール,東大和市向原６－１,ハミングホール地下,,飲み口型
35.78019,139.52014,清瀬市郷土博物館,清瀬市上清戸２－６－４１,１階,,飲み口型
35.79878,139.53471,清瀬市立市民体育館（故障中のため利用不可）,清瀬市下宿２－５２４－１,１階　入口付近,,飲み口型
35.77712,139.53165,清瀬市立児童センター,清瀬市中清戸３－２３５－５,１階,,飲み口型
35.78557,139.52655,清瀬市役所,清瀬市中里５－８４２,１階,,ボトルディスペンサー型・飲み口型
35.77913,139.49931,野塩地域市民センター,清瀬市野塩１－３２２－２,１階　入口付近,,飲み口型
35.74607,139.5043,"水道局東久留米
サービスステーション",東久留米市滝山６－１－１,１階,,飲み口型
35.75834,139.53067,東久留米市役所庁舎,東久留米市本町３－１－１,１階,,飲み口型
35.75475,139.38736,武蔵村山市役所本庁舎,武蔵村山市本町１ー１ー１,１・２・３・４・５階,,飲み口型
35.74613,139.40326,武蔵村山市民総合センター,武蔵村山市学園四丁目５－１,１・２・３階,,飲み口型
35.74046,139.40483,緑が丘出張所,武蔵村山市緑が丘１４６０番地１１０４号棟　１階,１階,,飲み口型
35.62564,139.41753,"山王下庁舎内
（水道局多摩サービスステーション）",多摩市山王下１－１７,１階,,飲み口型
35.64366,139.43626,多摩市立総合体育館,多摩市東寺方５８８－１,１階第２スポーツホール・２階トレーニングルーム,,飲み口型
35.642536,139.440107,"東寺方老人福祉館
・地区市民ホール",多摩市東寺方６６２６－７,３階ロビー,,飲み口型
35.61226,139.41402,"多摩市立温水プール
（アクアブルー多摩）",多摩市南野３－１５－２,２階エントランス,,飲み口型
35.72911,139.29451,あきる野市役所本庁舎,あきる野市二宮３５０,１階,,飲み口型
35.72918,139.53592,"西東京市障害者
総合支援センター（フレンドリー）",西東京市田無町４－１７－１４,２階給湯室,,飲み口型
35.73098,139.53619,田無総合福祉センター,西東京市田無町５－５－１２,１階～３階,,ボトルディスペンサー型・飲み口型
35.72591,139.5379,田無庁舎,西東京市南町５－６－１３,１・２・３階,,飲み口型
35.77695,139.35938,瑞穂町保健センター,西多摩郡瑞穂町石畑１９７０,１階ロビー,,飲み口型
35.77695,139.35938,瑞穂町子ども家庭支援センター,西多摩郡瑞穂町石畑１９７２,１階,,飲み口型
35.77384,139.35822,中央体育館,西多摩郡瑞穂町大字石畑１９８９－１,館内,,飲み口型
35.79108,139.355688,元狭山コミュニティセンター,"西多摩郡瑞穂町
大字二本木６７３ー１",１階ロビー,,飲み口型
35.780891,139.33717,長岡コミュニティセンター,"西多摩郡瑞穂町
大字箱根ケ崎１１８０",１階ロビー,,飲み口型
35.762056,139.338681,武蔵野コミュニティセンター,"西多摩郡瑞穂町むさし野１ー５
（瑞穂アパート２７号棟１階）",１階ロビー,,飲み口型
35.77681,139.04967,奥多摩水と緑のふれあい館,西多摩郡奥多摩町原５,１階階段下,,ボトルディスペンサー型
